"id","player","pos","team","points","points_vor","sd_pts","adp","overall_ecr","uncertainty","tier","CBS","FantasyPros","FantasySharks","RTSports","ESPN"
"16161","Bijan Robinson","RB","ATL",351.193333333333,195.626666666667,16.3295641909595,3.32,2.53,0.09,1,367.4,324.6,355.1,363.4,352.4
"16162","Jahmyr Gibbs","RB","DET",347.172666666667,191.606,20.6183093390317,5.74,4.76,0.13,1,364.3,317.83,363.8,335.7,358.5
"13130","Christian McCaffrey","RB","SFO",336.936,181.369333333333,38.3244501591347,13.4,7.47,0.32,2,393.7,297.38,329.6,312.8,357.2
"15281","Ja'Marr Chase","WR","CIN",347.412,177.128666666667,21.9491621707982,1.42,1,0.11,1,323.1,351.46,360.2,376.3,328.8
"16211","Puka Nacua","WR","LAR",335.795333333333,165.512,30.3058336518455,9.55,3.53,0.21,1,367.4,287.91,355,333.7,337.9
"14802","Jonathan Taylor","RB","IND",294.606,139.039333333333,28.3619671391108,23.12,11.12,0.21,2,316.1,259.03,322.2,272.6,308.3
"15287","Amon-Ra St. Brown","WR","DET",308.574666666667,138.291333333333,12.4108817844127,10.16,7.24,0.09,2,306.3,288.34,314.5,321.6,314
"16167","De'Von Achane","RB","MIA",290.319333333333,134.752666666667,6.60045301475587,14.58,18,0.08,2,289.5,286.93,283.6,302.8,292.1
"16185","Jaxon Smith-Njigba","WR","SEA",303.525333333333,133.242,42.7346306095342,39.21,3.59,0.36,2,357.6,244.66,318.2,282,318.1
"16181","Chase Brown","RB","CIN",286.820666666667,131.254,21.3941404750616,26.07,21.94,0.2,2,320.4,266.17,286.6,292.3,272.5
"13604","Saquon Barkley","RB","PHI",284.367333333333,128.800666666667,41.1218305364276,4.5,28.35,0.42,2,260.7,321.67,231.9,331.6,280.5
"17042","Ashton Jeanty","RB","LVR",278.024,122.457333333333,16.8415818734464,14.43,19.06,0.16,3,266.7,267.22,271.9,309.6,279.5
"14832","CeeDee Lamb","WR","DAL",290.1,119.816666666667,35.2728649247548,4.25,7.59,0.26,2,258.2,305.9,253.5,339.6,295.3
"12801","Tyreek Hill","WR","FA",290,119.716666666667,NA,38.34,183.38,0.98,2,NA,NA,NA,290,NA
"16615","Malik Nabers","WR","NYG",286.456,116.172666666667,30.9902513703907,9.95,15.65,0.31,3,292.7,291.18,241.3,328,279.9
"12626","Derrick Henry","RB","BAL",268.941333333333,113.374666666667,7.63932719550617,10.87,42.53,0.07,3,271.6,271.84,255.6,274.3,278.7
"14073","Josh Jacobs","RB","GBP",265.790666666667,110.224,27.3370605588823,22.57,36.94,0.24,3,243.4,267.92,237.1,308.4,278
"15715","James Cook","RB","BUF",263.954,108.387333333333,20.8568712898172,30.43,16.29,0.18,3,253.4,233.87,285.9,272.3,283.9
"14836","Justin Jefferson","WR","MIN",276.19,105.906666666667,46.2019263667653,5.12,8.53,0.43,3,224.1,303.85,234.9,333.9,285
"15751","Drake London","WR","ATL",274.068666666667,103.785333333333,32.7219328076241,22.05,11.41,0.24,3,296.9,267.01,219.68,292.7,296.7
"15710","Kyren Williams","RB","LAR",256.410666666667,100.844,14.394721717815,26.24,46.35,0.2,4,256.2,254.92,242.3,284.3,252.6
"15794","Trey McBride","TE","ARI",265.956666666667,99.278,19.3118077006443,29.34,17.24,0.27,1,265.5,242.8,293.7,252,271.8
"15708","Breece Hall","RB","NYJ",248.001333333333,92.4346666666667,26.9688360890862,32.96,43.82,0.31,4,239.5,224.44,223.2,284.9,274.9
"16598","Bucky Irving","RB","TBB",246.812,91.2453333333333,29.3312925047636,24.67,50.65,0.35,4,230.6,255.16,230.6,296.8,225.3
"17044","Omarion Hampton","RB","LAC",246.525333333333,90.9586666666667,20.934038947768,48.28,26.24,0.2,4,250.3,218.06,234.4,259.8,274.2
"15290","Nico Collins","WR","HOU",260.449333333333,90.166,35.3544803384239,17.8,14.76,0.32,4,254.6,276.88,209.9,307.6,255.8
"14104","A.J. Brown","WR","PHI",249.3,79.0166666666667,27.5511342779204,16.98,20.65,0.23,4,248.7,257.8,208.8,286.1,246.3
"13131","Joe Mixon","RB","FA",234.1,78.5333333333334,NA,84.75,287.17,0.92,4,NA,NA,NA,234.1,NA
"16641","Brock Bowers","TE","LVR",241.834666666667,75.156,32.9692956147585,20.29,20.59,0.52,2,255.8,252.24,185.7,271.1,242.8
"15711","Kenneth Walker III","RB","KCC",229.328,73.7613333333333,27.0023502680785,45.04,30.47,0.23,4,197.1,221.84,216.8,245,269.5
"16194","Rashee Rice","WR","KCC",242.884,72.6006666666667,55.7112311836671,53.34,15.71,0.63,4,287.3,166.82,208.7,250.5,301.9
"14797","D'Andre Swift","RB","CHI",228.068,72.5013333333333,23.7627464742609,60.46,66.12,0.25,5,231.1,202.84,221.4,268.3,220.3
"13589","Josh Allen","QB","BUF",392.032133333333,71.032,14.8305983426159,22.18,25.24,0.03,1,366.28,366.014,371.54,405.26,361
"11675","Davante Adams","WR","LAR",238.522666666667,68.2393333333333,26.2256476882205,53.26,44.18,0.33,4,222.8,243.73,215,281.8,229.9
"15753","Garrett Wilson","WR","NYJ",238.346,68.0626666666667,21.5159261943333,37.63,32.41,0.17,4,222.4,234.83,216.3,272,250.2
"15762","George Pickens","WR","DAL",237.441,67.1576666666667,22.8748476497659,81.38,18.24,0.15,4,271.9,208.7,240,229.5,237.7
"14109","Terry McLaurin","WR","WAS",235.58,65.2966666666667,30.2253569044271,30.25,44.65,0.23,4,229.8,244.38,199.2,281.7,223.5
"14835","Tee Higgins","WR","CIN",234.935333333333,64.652,30.3951315180573,34.52,32.41,0.27,4,234.2,247.41,203.7,279.8,210.9
"15754","Chris Olave","WR","NOS",234.4795,64.1961666666667,32.3083766421342,94.57,19.59,0.31,4,272.1,193.47,208.89,250.9,248.2
"16190","Zay Flowers","WR","BAL",232.135333333333,61.852,10.3359011863182,75.3,39.24,0.12,4,235.6,224.31,219.5,248.3,238.3
"15261","Chuba Hubbard","RB","CAR",217.335333333333,61.7686666666667,33.7421623492034,63.69,76.65,0.64,5,173.3,228.71,205.6,269.1,216.9
"17472","Jeremiyah Love","RB","ARI",216.733333333333,61.1666666666667,45.7399533595448,NA,41.76,0.64,5,197.8,NA,183.5,NA,272.5
"14860","Jauan Jennings","WR","SFO",230.3,60.0166666666667,NA,115.76,149.56,0.65,4,NA,NA,NA,230.3,NA
"17071","Tetairoa McMillan","WR","CAR",228.808333333333,58.525,17.2075555110732,72.16,27.29,0.14,4,219.4,222.21,221.4,261.8,223.2
"12186","Stefon Diggs","WR","FA",225.4,55.1166666666667,NA,102.86,129.33,0.68,4,NA,NA,NA,225.4,NA
"15756","Jameson Williams","WR","DET",224.414666666667,54.1313333333333,22.1628108927245,56.02,51.18,0.23,5,253.6,210.04,210.3,243.2,205.6
"15256","Javonte Williams","RB","DAL",209.183333333333,53.6166666666667,48.643678931594,135.11,46.47,0.7,5,243.8,151.05,213.6,173.2,270
"16618","Brian Thomas Jr.","WR","JAC",223.256,52.9726666666667,64.2049350128166,13.87,82.76,0.77,5,162.9,274.18,200.2,307.7,172.1
"13630","Courtland Sutton","WR","DEN",222.635333333333,52.352,25.2632371902995,63.85,68.59,0.27,5,214.6,222.08,213,266,199.1
"16627","Ladd McConkey","WR","LAC",221.948333333333,51.665,42.7877592503588,24.95,40.35,0.49,5,201.3,254.44,169.2,276.2,209.5
"17043","TreVeyon Henderson","RB","NEP",207.038,51.4713333333333,29.0961805053516,53.28,62.06,0.37,5,176.5,207.09,189.9,255.7,210.4
"15282","DeVonta Smith","WR","PHI",220.565666666667,50.2823333333334,27.0768733731697,66.52,29.71,0.31,5,207.7,220.04,183.2,252.7,239.8
"13132","Alvin Kamara","RB","NOS",203.3825,47.8158333333333,69.744690777626,51.63,147.82,0.92,6,NA,242.03,158.4,282.8,134.1
"13593","Lamar Jackson","QB","BAL",366.5684,45.5682666666667,36.4327700401713,21.51,29.12,0.4,1,307.76,364.382,356.16,412.14,323.8
"13635","D.J. Moore","WR","BUF",215.632666666667,45.3493333333333,35.3384226208999,48.09,59.06,0.44,5,190.5,230.83,187.7,272.8,200.2
"14085","Tony Pollard","RB","TEN",199.649333333333,44.0826666666667,13.1963611145901,82.62,87.29,0.13,6,180.8,214.28,192.6,212,206.7
"15253","Travis Etienne","RB","NOS",198.38,42.8133333333333,39.5683206618628,122.61,44.53,0.45,6,232.3,149.3,215.5,163.9,233.3
"16581","Jayden Daniels","QB","WAS",363.522266666667,42.5221333333333,25.7745761711032,31.69,49.47,0.28,1,326.64,344.158,339.86,391.26,324.16
"11671","Mike Evans","WR","SFO",211.03,40.7466666666667,39.9150911310497,33.54,48,0.46,5,215.5,246.15,156.1,250.8,187.8
"17068","RJ Harvey","RB","DEN",195.898666666667,40.332,28.7995333295524,72.34,76.65,0.41,6,216.6,187.46,170.3,236.7,172.3
"14102","DK Metcalf","WR","PIT",208.715333333333,38.432,29.5549023570259,56.35,73.94,0.25,5,190.6,234.33,174.5,245.1,197.6
"17045","Cam Skattebo","RB","NYG",193.514666666667,37.948,50.1716106976844,106.24,55.88,0.67,6,231.2,119.24,213.3,169.2,241.3
"16614","Marvin Harrison Jr.","WR","ARI",207.790666666667,37.5073333333333,41.2962098341563,45.06,71.06,0.47,5,175.8,231.34,165.1,266.8,201.7
"14136","Deebo Samuel","WR","WAS",203.55,33.2666666666667,55.9321463918559,102.05,154.94,0.9,5,NA,NA,164,243.1,NA
"13163","Chris Godwin","WR","TBB",203.2445,32.9611666666667,30.0278922628612,103.4,72.24,0.41,5,187.2,176.27,203.8,254.2,194.5
"14783","Jalen Hurts","QB","PHI",353.109066666667,32.1089333333333,16.7384010227978,33.92,57.59,0.27,1,323.46,350.192,345.1,361.66,324.2
"17051","Quinshon Judkins","RB","CLE",187.113333333333,31.5466666666667,43.2076999310694,108.29,64.76,0.52,6,209.9,117.5,174.5,208.9,227.7
"15284","Jaylen Waddle","WR","DEN",201.280666666667,30.9973333333333,32.9511048878992,92.64,41.82,0.39,6,210.4,208.27,144.4,230.5,213.5
"13299","George Kittle","TE","SFO",197.425333333333,30.7466666666667,46.109796356089,40.22,123.82,0.9,3,217.2,220.06,161.08,251.1,139.2
"15742","Jaylen Warren","RB","PIT",185.786,30.2193333333333,12.3554433348221,113.1,77.71,0.11,6,189.8,179.13,203.1,171.4,188.3
"13319","Aaron Jones","RB","MIN",184.451333333333,28.8846666666667,26.5357391706606,84.12,105.47,0.26,7,167.1,203.09,146.2,202.7,209.3
"16616","Rome Odunze","WR","CHI",196.142333333333,25.859,24.0741049677864,92.29,60.29,0.36,6,176.6,192.87,175.5,235.4,200.7
"14777","Joe Burrow","QB","CIN",346.261466666667,25.2613333333334,27.3985475624773,37.74,40.88,0.34,2,293.72,329.994,338.82,368.06,299.98
"14842","Michael Pittman","WR","PIT",194.812666666667,24.5293333333333,13.6686714789697,143.66,91.82,0.14,6,177.4,190.13,191.5,215.1,201.6
"14127","Jakobi Meyers","WR","JAC",191.815333333333,21.532,8.93698979895729,117,77.65,0.19,6,186.5,197.71,178.6,201,199
"14071","David Montgomery","RB","HOU",176.866,21.2993333333334,31.868437049846,74.97,65.59,0.39,7,121.3,198.83,182.8,186.4,198.6
"15761","Khalil Shakir","WR","BUF",190.582,20.2986666666667,17.6613453621178,108.1,111,0.25,6,190.8,179.81,181.3,222.7,181.5
"13116","Patrick Mahomes","QB","KCC",340.553333333333,19.5532,15.8267684635872,46.73,101.59,0.28,2,305,315.74,333.64,338.46,302.46
"16214","Sam LaPorta","TE","DET",185.679333333333,19.0006666666667,16.3459091722261,47.79,83.88,0.25,3,191.7,189.63,162.4,206.5,178.7
"16622","Ricky Pearsall","WR","SFO",188.263333333333,17.98,17.4130315185687,113.12,90,0.33,6,186.8,187.55,204.3,202.7,161.3
"11244","Travis Kelce","TE","KCC",183.179333333333,16.5006666666667,17.2829515226229,61.81,114.59,0.46,3,166.7,188.93,179.2,210.9,171.3
"15768","Alec Pierce","WR","IND",186.283333333333,16,51.3656581125301,NA,83.47,0.71,6,237.8,105.55,220.2,173.7,194.7
"15259","Rhamondre Stevenson","RB","NEP",171.338666666667,15.772,36.0435882416462,130.63,84.71,0.42,7,199.3,141.16,199,128.2,197.7
"14833","Jerry Jeudy","WR","CLE",185.538,15.2546666666667,55.4212731719509,106.62,152.24,0.69,6,150.7,219.47,155.2,267.6,136.8
"13193","Jonnu Smith","TE","FA",181.1,14.4213333333334,NA,112.02,374.67,0.27,3,NA,NA,NA,181.1,NA
"16620","Xavier Worthy","WR","KCC",183.568666666667,13.2853333333333,42.0529252252444,75.3,127.12,0.52,6,155.8,228.61,134,225.5,174.6
"17081","Emeka Egbuka","WR","TBB",183.554666666667,13.2713333333333,18.9654172992142,106.89,48.18,0.2,6,201.9,181.24,165.8,165.4,204.9
"16186","Jordan Addison","WR","MIN",183.077333333333,12.794,38.9418285823012,103.54,99.88,0.42,6,179.7,171.72,142.8,248.2,173.5
"17104","Colston Loveland","TE","CHI",178.648666666667,11.97,30.1868895935526,119.51,42.47,0.49,3,208.4,131.86,166.92,191.5,196.3
"15329","Kyle Pitts","TE","ATL",176.901333333333,10.2226666666667,32.9620810427174,130.01,84.65,0.6,4,222.4,141.04,179.3,149.6,192.3
"16169","Zach Charbonnet","RB","SEA",165.608,10.0413333333333,29.9915041303366,141.39,131.88,0.75,7,197,155.14,197.9,144.9,135.5
"16206","Michael Wilson","WR","ARI",180.2015,9.91816666666668,43.2517459040673,NA,74,0.62,6,239.5,124.01,201.7,163.8,172.7
"16580","Drake Maye","QB","NEP",329.4564,8.45626666666669,34.0152660551112,136.58,34.82,0.36,2,339.3,266.302,344.3,288.62,315.96
"16582","Bo Nix","QB","DEN",329.451866666667,8.45173333333332,19.1316743090266,71.45,104.53,0.51,2,302.3,296.526,329.2,330.56,285.94
"16187","Josh Downs","WR","IND",178.668,8.38466666666667,17.9013957556387,135.1,100.41,0.35,6,167.4,172.31,185.93,207.3,162.4
"15698","Brock Purdy","QB","SFO",329.114133333333,8.11399999999998,13.887850440823,113.35,94.35,0.35,2,312.62,297.944,312.28,296.28,304.78
"17102","Tyler Warren","TE","IND",173.235333333333,6.55666666666667,17.1692528149079,82.97,48.71,0.24,4,179.9,157.11,164.4,161.1,199.8
"13671","Mark Andrews","TE","BAL",171.22021021021,4.54154354354355,9.40459495015318,58.91,147.12,0.35,4,163.8,173.55,160,183,165.8
"13192","David Njoku","TE","FA",170.3,3.62133333333335,NA,93.26,239.35,0.62,4,NA,NA,NA,170.3,NA
"13590","Baker Mayfield","QB","TBB",324.346,3.34586666666667,27.5396583130583,63.02,122.12,0.52,2,294.2,304.29,304.62,333.16,262.26
"17052","Bhayshul Tuten","RB","JAC",158.08,2.51333333333335,50.7988385694004,146.81,71.47,0.61,7,193.3,100.1,183.5,109.2,209.9
"16747","Tyrone Tracy","RB","NYG",157.236,1.66933333333333,58.4349936253954,107.51,134.18,0.83,7,172,181.68,123,232.9,80.2
"12620","Dak Prescott","QB","DAL",322.350533333333,1.35039999999998,17.0463454304239,117.76,85,0.32,2,311.5,279.446,323.02,299.44,290.48
"11222","Keenan Allen","WR","LAC",170.49,0.206666666666678,33.1067394951542,148.98,257.38,0.69,6,NA,147.08,NA,195.1,NA
"16579","Caleb Williams","QB","CHI",321.000133333333,0,30.0430846929317,118.19,76.71,0.55,3,301.4,278.214,329.34,335.46,269.72
"14800","J.K. Dobbins","RB","DEN",155.566666666667,0,14.6398428953319,125.95,108.94,0.27,8,157.3,147.7,154.4,141.4,180.5
"17497","Carnell Tate","WR","TEN",170.283333333333,0,33.4307617821271,NA,86.4,0.59,6,136.5,NA,171,NA,204.7
"16222","Tucker Kraft","TE","GBP",166.678666666667,0,42.1035278015196,116.83,68.12,0.7,4,229.4,148.06,117.3,181.7,156.8
"15757","Wan'Dale Robinson","WR","TEN",170.076666666667,-0.206666666666649,19.2156099738381,NA,91.76,0.27,6,196.7,150.95,152.2,171.8,179.4
"13674","Dallas Goedert","TE","PHI",165.830666666667,-0.847999999999985,23.8554985974583,136.5,131,0.57,4,199.2,143.32,158.6,146,174.6
"16184","Jayden Reed","WR","GBP",168.72,-1.56333333333333,37.2339495621939,134.83,105.71,0.55,7,169,164.5,122.4,227.4,162.3
"15721","Rachaad White","RB","WAS",153.6875,-1.87916666666666,22.812656392158,140.8,119.29,0.5,8,142.4,130.95,NA,160,186
"15237","Trevor Lawrence","QB","JAC",319.0792,-1.92093333333332,25.7464802099238,148.12,79.24,0.47,3,304.38,262.156,330.6,290.3,292.56
"13629","Calvin Ridley","WR","TEN",167.928,-2.35533333333333,67.2002077377741,70.95,201.06,0.89,7,146.7,215.24,73.5,248.1,157.3
"14138","T.J. Hockenson","TE","MIN",159.236666666667,-7.44199999999998,28.4842558851962,55.38,191.29,0.6,5,130.9,175.45,130.3,195.9,164.3
"15799","Jake Ferguson","TE","DAL",159.236666666667,-7.44199999999998,8.74647071680915,140.89,110.53,0.23,5,169.5,150.2,152.5,171.1,160.2
"14823","Rico Dowdle","RB","PIT",147.75,-7.81666666666666,53.1754642668966,NA,85.41,0.69,8,203.4,98.6,NA,107.9,184.7
"17083","Jayden Higgins","WR","HOU",162.455333333333,-7.828,26.6571332542217,NA,123.88,0.38,7,178.9,139.36,151,201.5,142.1
"12611","Jared Goff","QB","DET",312.452133333333,-8.548,22.854171913825,111.71,115.35,0.38,3,298.26,273.614,318.36,308.54,268.42
"17070","Luther Burden","WR","CHI",161.372666666667,-8.91066666666666,32.1948936944976,NA,40.24,0.34,7,166.5,121.13,135.8,191.1,194.2
"15779","Romeo Doubs","WR","NEP",160.271666666667,-10.0116666666667,19.7423118650724,NA,123.06,0.4,7,176,131.57,NA,169.9,164.6
"15749","Isiah Pacheco","RB","DET",145.170666666667,-10.396,42.6810427863863,61.12,152.65,0.71,8,119.7,183.82,94.1,195.6,135.3
"17075","Matthew Golden","WR","GBP",159.626666666667,-10.6566666666667,58.5636092922331,118.42,131.82,0.86,7,114.5,191.6,93.8,239.9,159.8
"13146","James Conner","RB","ARI",144.816666666667,-10.75,94.0669663945142,52.23,154.12,0.99,8,167,231.95,91.9,225.6,11.5
"13164","Cooper Kupp","WR","SEA",159.461666666667,-10.8216666666667,58.6413508825755,118.24,245.14,0.88,7,142.2,192.87,123.3,244.8,96.9
"14779","Justin Herbert","QB","LAC",310.052533333333,-10.9476,18.2128925910557,122.64,72.47,0.46,3,284.68,280.956,317.68,308.66,273.02
"12676","Hunter Henry","TE","NEP",152.003333333333,-14.6753333333333,13.1310192546758,146.34,164.06,0.25,5,161.2,133.85,162.1,161,142.4
"17473","Jadarian Price","RB","SEA",137.6,-17.9666666666666,51.5662680441391,NA,82.33,0.62,8,146.4,NA,82.2,NA,186.6
"9431","Matthew Stafford","QB","LAR",302.468,-18.5321333333333,38.6125798153918,145.47,102.12,0.68,4,318,248.38,325.64,243.22,287.5
"14861","Juwan Johnson","TE","NOS",148.141333333333,-18.5373333333333,23.0467059106791,NA,143,0.58,5,171.7,114.44,163.5,137.6,156.8
"14840","Brandon Aiyuk","WR","SFO",151.553333333333,-18.73,89.8704096648799,127.91,186.82,0.95,7,NA,134.86,71.2,249.1,NA
"16188","Quentin Johnston","WR","LAC",150.039333333333,-20.244,34.3042929286312,147.89,120.18,0.42,7,196.7,104.13,138.7,145.7,167.5
"16269","Brenton Strange","TE","JAC",145.729333333333,-20.9493333333333,17.1713835590885,NA,137.71,0.43,5,172.3,130.08,133.7,153.2,140.3
"17103","Harold Fannin","TE","CLE",145.572,-21.1066666666667,58.309169785816,NA,79.41,0.88,5,202.7,71.04,164.3,94.6,189.4
"16165","Tyjae Spears","RB","TEN",134.146,-21.4206666666666,22.4955013280433,NA,134.35,0.47,8,134.3,103.13,122.6,152.5,160.2
"17498","Jordyn Tyson","WR","NOS",148.616666666667,-21.6666666666667,47.3963694108877,NA,95,0.72,7,153.9,NA,98.8,NA,193.6
"15255","Kenneth Gainwell","RB","TBB",131.0825,-24.4841666666667,76.426809595848,NA,105.35,0.89,9,215.1,55.83,NA,79.3,176.9
"13772","Dalton Schultz","TE","HOU",142.189333333333,-24.4893333333333,16.4771765380682,NA,169.76,0.48,5,160.4,117.58,149.2,149.2,135.1
"16213","Dalton Kincaid","TE","BUF",141.910666666667,-24.768,15.2383293047499,127.15,109.53,0.41,6,154.6,140.62,116.3,151.5,147.2
"17048","Kaleb Johnson","RB","PIT",129.137874500225,-26.4287921664418,68.3152141985811,90.45,244.88,0.99,9,NA,169.05,94.2,203.7,3.6
"17066","Kyle Monangai","RB","CHI",128.088666666667,-27.478,48.8436596362994,NA,96.76,0.63,9,152.8,52.31,167,106.6,163.2
"16150","C.J. Stroud","QB","HOU",293.4336,-27.5665333333333,14.7998636750478,133.73,137.24,0.39,4,266.02,269.148,290.62,282.02,256.56
"17074","Travis Hunter","WR","JAC",141.554,-28.7293333333333,84.8827519582159,66.04,163.59,0.96,8,141.2,197.97,47.6,251.4,72
"16080","Rashid Shaheed","WR","SEA",138.464,-31.8193333333333,41.1982946248992,148.23,150.06,0.43,8,143.1,170.62,69.2,170.8,142.2
"16192","Parker Washington","WR","JAC",138.285333333333,-31.998,60.8682691282302,NA,94.35,0.78,8,180.9,43.86,168.1,110.9,187.8
"15802","Cade Otton","TE","TBB",134.678666666667,-32,21.4936204488681,NA,242.41,0.67,6,155.3,125.56,130.9,156.6,105.7
"15789","Christian Watson","WR","GBP",137.759333333333,-32.524,65.8582914040948,NA,57.24,0.72,8,177.9,69.83,191.3,62.6,188.5
"11247","Zach Ertz","TE","WAS",133.55,-33.1286666666666,21.2839141137151,144.88,331.5,0.97,6,NA,NA,118.5,148.6,NA
"15972","Jordan Mason","RB","MIN",122.338,-33.2286666666667,33.121786183719,115.31,135.18,0.46,9,165.8,133.39,101.8,80.5,133
"16287","Tre Tucker","WR","LVR",136.933333333333,-33.35,34.3521226903569,NA,199.94,0.84,8,163.3,81.7,125.2,159.8,154.8
"14782","Jordan Love","QB","GBP",286.227066666667,-34.7730666666667,8.73098280836701,131.87,118.29,0.4,4,258.76,264.822,271.28,278.76,259.18
"17053","Woody Marks","RB","HOU",119.668666666667,-35.898,54.8012091107486,NA,144.71,0.89,9,181.6,71.51,162.1,58.1,128.5
"13189","Evan Engram","TE","DEN",129.232,-37.4466666666667,40.7153394926286,79.51,253.12,0.8,6,91.6,156.61,110.2,187.2,101
"15889","Chigoziem Okonkwo","TE","WAS",128.996666666667,-37.682,15.6306429810165,NA,172.59,0.56,6,121.6,130.45,114.8,155.6,122.7
"15798","Isaiah Likely","TE","NYG",128.272666666667,-38.406,17.6386511200073,145.58,116.82,0.47,6,140.7,112.53,112.8,125.4,154.6
"14974","Darnell Mooney","WR","NYG",131.520666666667,-38.7626666666667,58.0076567934498,148.82,210.06,0.82,8,120.9,174.27,64.7,206,92.4
"15331","Pat Freiermuth","TE","PIT",127.844666666667,-38.834,12.9531335977052,148.23,260.82,0.37,6,124.8,118.34,114.8,132.8,148.1
"16809","Jalen Coker","WR","CAR",131.2575,-39.0258333333333,23.074338379825,NA,134.18,0.32,8,148.7,102.12,123.4,NA,151.8
"13592","Sam Darnold","QB","SEA",281.707333333333,-39.2928,17.6846274110219,NA,140.24,0.38,4,264.44,239.27,285.02,269.36,245.38
"17072","Tre Harris","WR","LAC",129.27,-41.0133333333333,40.2751221806547,146.69,177.31,0.77,8,NA,114.22,102.3,190.2,111.4
"16148","Bryce Young","QB","CAR",279.8048,-41.1953333333333,31.0349821201817,NA,149.24,0.38,5,216.86,251.824,297.82,285.94,233.98
"12263","Darren Waller","TE","MIA",125.2,-41.4786666666666,NA,148.43,330.6,0.94,7,NA,NA,125.2,NA,NA
"16193","Kayshon Boutte","WR","NEP",127.170333333333,-43.113,51.8662989811303,NA,177.88,0.62,8,179.7,90.71,143.7,165.1,56.6
"17499","Makai Lemon","WR","PHI",126.716666666667,-43.5666666666667,36.1961439014342,NA,100.09,0.57,8,117.1,NA,96.3,NA,167.1
"12187","Tyler Lockett","WR","LVR",126.43,-43.8533333333333,NA,NA,NA,NA,8,NA,126.43,NA,NA,NA
"13138","Kareem Hunt","RB","KCC",111.7,-43.8666666666667,36.3452885529885,NA,318.5,0.87,9,NA,NA,137.4,86.4,NA
"14086","Justice Hill","RB","BAL",110.996666666667,-44.57,37.7277572440593,NA,279.08,0.75,9,173.8,84.55,78.9,107.5,112.1
"16639","Xavier Legette","WR","CAR",125.2675,-45.0158333333333,49.2585040881268,NA,270.23,0.85,8,NA,156.37,92.9,177.9,75.3
"13672","Mike Gesicki","TE","CIN",121.046,-45.6326666666667,8.47732740903641,NA,281.62,0.37,7,116.3,120.53,118.6,136.4,115
"17256","Jacory Croskey-Merritt","RB","WAS",109.826666666667,-45.74,54.9198780042345,131.45,123.53,0.76,9,142.1,150.8,119.1,17,125.2
"16593","Blake Corum","RB","LAR",108.116666666667,-47.45,37.3845444892226,NA,113.47,0.43,10,115.1,71.45,125.5,71.5,158.9
"17501","KC Concepcion","WR","CLE",122.266666666667,-48.0166666666667,42.5934658525616,NA,134,0.74,8,128.5,NA,76.9,NA,164
"15293","Rashod Bateman","WR","BAL",121.695833333333,-48.5875,30.8772894337858,148.4,245,0.73,8,128.4,153.83,79.6,NA,125
"16617","Keon Coleman","WR","BUF",120.271,-50.0123333333333,60.9256061110597,129.52,255.57,0.9,8,95.5,170.51,90.7,197.3,49.6
"16189","Marvin Mims","WR","DEN",119.516666666667,-50.7666666666667,48.5763402628618,148.32,250.36,0.85,8,NA,159.35,133.8,NA,66
"17215","Robbie Ouzts","TE","SEA",113.1,-53.5786666666667,NA,NA,NA,NA,7,NA,58.59,NA,NA,NA
"13633","Christian Kirk","WR","SFO",116.622666666667,-53.6606666666667,49.2278115499765,147.74,241.71,0.94,9,138.2,145.13,47.4,168.2,84.8
"14852","Antonio Gibson","RB","FA",100.8,-54.7666666666667,NA,NA,341.67,0.96,10,NA,NA,NA,100.8,NA
"17543","Kenyon Sadiq","TE","NYJ",110.9,-55.7786666666667,25.5882785665625,NA,222.47,0.61,8,101.3,NA,91.5,NA,140.9
"13610","Nick Chubb","RB","HOU",99.6,-55.9666666666667,55.0129075763134,147.73,332.13,0.71,10,NA,NA,60.7,138.5,NA
"17047","Dylan Sampson","RB","CLE",95.8153333333333,-59.7513333333333,22.835413725177,NA,146.41,0.46,10,125.6,114.31,81.8,75.3,87.4
"14056","Kyler Murray","QB","MIN",261.187866666667,-59.8122666666667,117.067071148124,87.84,112.94,0.9,5,243.06,305.106,50.26,322.72,287.26
"17030","Cam Ward","QB","TEN",260.3468,-60.6533333333333,20.9459593048397,147.01,155.53,0.42,5,212.82,244.514,260.38,262.4,236.22
"17106","Mason Taylor","TE","NYJ",105.386666666667,-61.292,39.0703468118726,NA,237.71,0.83,8,131.9,119.7,65.9,147.9,62.6
"16723","AJ Barner","TE","SEA",105.100888888889,-61.5777777777778,29.4466299650112,NA,206.29,0.61,8,130.6,77.06,132.5,69.8,110.7
"10703","Russell Wilson","QB","NYG",259.18,-61.8201333333333,NA,NA,NA,NA,5,NA,NA,NA,239.18,NA
"15712","Tyler Allgeier","RB","ARI",93.2706666666667,-62.296,14.2861849351043,148.98,131.82,0.35,10,77.7,100.12,109.5,100.9,79.2
"16649","Theo Johnson","TE","NYG",102.547333333333,-64.1313333333333,30.5905265291942,NA,267.25,0.77,8,113.1,113.87,104.2,131,50.7
"17078","Jack Bech","WR","LVR",105.035833333333,-65.2475,69.2965417006265,NA,249.13,0.92,9,NA,53.56,85.2,207.1,73.5
"17099","Oronde Gadsden","TE","LAC",100.896666666667,-65.782,53.6539249884542,NA,103.47,0.86,8,145.6,48.05,124.1,39.6,149.8
"15788","Jalen Tolbert","WR","MIA",104.433333333333,-65.85,18.7350829550694,NA,310.8,0.84,9,NA,99.3,NA,125.4,89
"11150","Geno Smith","QB","NYJ",255.0472,-65.9529333333333,32.8721021414816,NA,245.65,0.61,6,214.16,248.156,184.48,275.5,227.94
"16596","Braelon Allen","RB","NYJ",89.0113333333333,-66.5553333333333,19.0862407683301,148.85,163,0.38,10,94.2,95.49,55.3,104.6,100.4
"15716","Brian Robinson","RB","ATL",88.9633333333333,-66.6033333333333,27.0838881994443,116.22,174.35,0.45,10,83.3,78.45,58.8,134.1,93.9
"12678","Tyler Higbee","TE","LAR",99.1725,-67.5061666666667,35.3903898207786,NA,309.25,0.9,8,110.4,109.59,NA,129,47.9
"11232","DeAndre Hopkins","WR","BAL",102.6,-67.6833333333333,NA,148.45,NA,NA,9,NA,102.6,NA,NA,NA
"17502","Omar Cooper Jr.","WR","NYJ",101.2,-69.0833333333333,52.6738075327767,NA,185.44,0.88,9,108.9,NA,45.1,NA,150.9
"16619","Troy Franklin","WR","DEN",100.8825,-69.4008333333333,39.8402128299201,NA,188.53,0.75,9,145.3,98.23,110.9,NA,50.3
"15738","Malik Davis","RB","DAL",85.9,-69.6666666666667,69.1486080843281,NA,306.08,0.9,10,73.8,NA,160.3,NA,25
"16164","Tank Bigsby","RB","PHI",84.9186666666667,-70.648,28.809914728556,NA,189.12,0.41,10,61.6,109.16,73.7,122.9,59.5
"14122","Darius Slayton","WR","NYG",99.2675,-71.0158333333333,28.5755879204611,NA,279.07,0.76,9,118.6,104.17,116.8,NA,58.7
"16174","Chris Rodriguez","RB","JAC",84.2853333333333,-71.2813333333333,41.9803666809458,NA,147,0.86,10,113.8,58.36,139.1,36.2,76.1
"13133","Samaje Perine","RB","CIN",83.6146666666667,-71.952,18.5880208736702,NA,297.79,0.78,10,103.9,66.54,70.2,77.3,107.2
"16036","Jake Tonges","TE","SFO",94.45,-72.2286666666667,49.7096067174143,NA,268.73,0.89,8,NA,NA,129.6,NA,62.7
"14105","Marquise Brown","WR","PHI",97.9508333333333,-72.3325,46.5022520661336,129.65,290.92,0.75,9,123.9,149.87,65.6,NA,52.5
"15254","Najee Harris","RB","LAC",82.3216666666667,-73.245,59.1451819207993,118.83,244.92,0.95,11,22.4,104.52,47.8,155.1,NA
"15786","Jalen Nailor","WR","LVR",96.6175,-73.6658333333333,24.6295464500127,NA,228.25,0.93,9,95,64.67,NA,103,124.6
"17107","Terrance Ferguson","TE","LAR",92.1413333333333,-74.5373333333333,30.9400170221888,NA,243.18,0.67,8,80.6,57.14,141.8,90.9,90.8
"14095","Ty Johnson","RB","BUF",80.6193333333333,-74.9473333333333,14.8290473957927,NA,274,0.54,11,101.1,66.43,88.2,66.5,81
"13404","Austin Ekeler","RB","WAS",79.5333333333333,-76.0333333333333,69.0544953883043,131.77,316.29,0.99,11,33.2,NA,46.5,160.6,NA
"16594","Trey Benson","RB","ARI",79.28,-76.2866666666667,31.217114963857,NA,237.47,0.95,11,NA,111.22,37.7,93,77
"16628","Jalen McMillan","WR","TBB",93.9893333333333,-76.294,36.5915247017667,NA,169.24,0.61,9,130.2,54.48,96.2,59.6,130
"17503","Germie Bernard","WR","PIT",93.6,-76.6833333333333,42.659934364694,NA,244.15,0.86,9,108.9,NA,45.4,NA,127.5
"17069","Jaydon Blue","RB","DAL",77.8266666666667,-77.74,31.005614545326,141.69,273.93,0.85,11,NA,112.58,67.9,NA,54.4
"16342","Demario Douglas","WR","NEP",92.51,-77.7733333333333,48.6617231507475,NA,336.67,0.83,9,NA,147.63,74.4,NA,55.7
"17105","Gunnar Helm","TE","TEN",88.7593333333333,-77.9193333333333,31.6212818104095,NA,229,0.68,9,95.5,51.98,107.6,61.5,127.6
"16684","Malik Washington","WR","MIA",92.345,-77.9383333333333,29.6985313890547,NA,248.44,0.86,9,NA,72.88,126.9,64.3,108.1
"16597","Jonathon Brooks","RB","CAR",77.45,-78.1166666666667,43.9130580427584,NA,153.82,0.9,11,115.8,NA,44.8,36.9,117.3
"17500","Denzel Boston","WR","CLE",91.55,-78.7333333333333,45.1318346624641,NA,175.12,0.78,9,104,NA,41.5,NA,129.5
"13763","Will Dissly","TE","FA",87.5,-79.1786666666667,NA,NA,NA,NA,9,NA,NA,NA,87.5,NA
"16204","Tank Dell","WR","HOU",90.0133333333333,-80.27,62.5226252381221,NA,240,0.81,9,174,2.2,96.6,68.6,109.2
"16757","Kimani Vidal","RB","LAC",74.998,-80.5686666666667,31.6606857158843,NA,196.76,0.61,11,81.8,26.19,110.1,65.7,91.2
"16626","Adonai Mitchell","WR","NYJ",88.7625,-81.5208333333333,20.6659694102809,NA,168.71,0.35,9,NA,79.35,90.9,117.2,69
"17073","Elic Ayomanor","WR","TEN",88.6408333333333,-81.6425,34.4598478506346,NA,230.06,0.92,9,123.4,87.93,101.4,41.9,NA
"15713","Jerome Ford","RB","WAS",73.7746666666667,-81.792,52.6090326845115,NA,274,0.84,11,38.1,140.64,32.2,121.6,37.4
"13675","Tyler Conklin","TE","DET",84.77,-81.9086666666666,57.211482239145,NA,NA,0.99,9,NA,79.76,30.2,144.3,NA
"16788","Devaughn Vele","WR","NOS",86.7946666666667,-83.4886666666667,27.760288843358,NA,284.14,0.56,9,123.2,66.67,67.97,110.9,66.3
"16207","Andrei Iosivas","WR","CIN",86.5133333333333,-83.77,9.56994368960561,NA,287,0.33,9,97.6,91.12,80.6,NA,76.8
"17082","Pat Bryant","WR","DEN",86.4983333333333,-83.785,17.5264121320429,NA,198.69,0.45,9,NA,94.26,87,102.8,61.9
"14871","Colby Parkinson","TE","LAR",82.6313333333333,-84.0473333333333,46.4362073530272,NA,257.18,0.87,9,123.9,26.69,136.6,56.3,71
"16191","Cedric Tillman","WR","CLE",85.91,-84.3733333333333,52.8763828818374,NA,305,0.85,10,101,154.28,43,NA,45.4
"17157","Isaac TeSlaa","WR","DET",84.5343333333333,-85.749,21.9260472193842,NA,210.81,0.24,10,88.6,79.53,73.2,119.7,61.7
"15319","Joshua Palmer","WR","BUF",83.9375,-86.3458333333333,36.7528088495741,NA,322.6,0.7,10,90.9,129.4,74.5,NA,41
"16603","Ray Davis","RB","BUF",68.555,-87.0116666666667,37.2425934471093,NA,201.41,0.56,11,NA,98.12,40,104,33.7
"17512","Antonio Williams","WR","WAS",82.9,-87.3833333333333,23.2025860627646,NA,207.54,0.84,10,105.9,NA,59.5,NA,84.6
"7836","Aaron Rodgers","QB","PIT",233.525,-87.4751333333333,95.4905822581473,148.19,267.06,0.8,6,85.24,NA,284.48,266.78,227.8
"16643","Ja'Tavion Sanders","TE","CAR",78.9933333333333,-87.6853333333333,16.3211573663689,NA,309.5,0.78,9,65.2,102.64,73.3,NA,74.9
"17098","Tory Horton","WR","SEA",81.0291666666667,-89.2541666666667,34.3434623003823,NA,252.6,0.74,10,119.2,99.15,43.7,NA,61.8
"17599","Caleb Douglas","WR","MIA",80.6,-89.6833333333333,56.2856997824492,NA,319.2,0.79,10,NA,NA,40.8,NA,118.6
"14137","Noah Fant","TE","NOS",76.425,-90.2536666666666,22.0026324182661,NA,352.5,0.84,9,89.2,89.5,NA,85.4,45.8
"15109","Nick Westbrook-Ikhine","WR","IND",79.5383333333333,-90.745,26.0626583128685,NA,NA,0.48,10,NA,96.15,49.5,NA,92.8
"14143","Dawson Knox","TE","BUF",75.816,-90.8626666666667,17.5908862767059,NA,354.75,0.69,9,89.3,57.08,99.1,66.5,67.1
"16610","Jaylen Wright","RB","MIA",64.6553333333333,-90.9113333333333,18.7495311941392,NA,229.44,0.3,11,55.7,77.91,70.8,85.3,39.3
"14059","Daniel Jones","QB","IND",229.528533333333,-91.4716,110.490504728687,NA,161.41,0.84,7,288.6,218.716,253.18,40.7,269.18
"14080","Devin Singletary","RB","NYG",63.555,-92.0116666666667,31.9044004279451,NA,288.07,0.76,11,NA,48.12,93.6,86.7,26.6
"17108","Elijah Arroyo","TE","SEA",72.6953333333333,-93.9833333333333,48.8639084942387,NA,319.33,0.91,9,27.5,98.41,33.3,145,60.6
"16624","Jamari Thrash","WR","CLE",76.28,-94.0033333333333,NA,NA,NA,NA,10,NA,76.28,NA,NA,NA
"16390","Jaleel McLaughlin","RB","DEN",61.5366666666667,-94.03,24.4091383160761,148.91,305.67,0.65,11,NA,55.81,40.5,88.8,NA
"13289","Mack Hollins","WR","NEP",76.1316666666667,-94.1516666666667,52.4726979803148,NA,266.4,0.91,10,130.7,34.37,111.3,NA,27.9
"17521","Zavion Thomas","WR","CHI",75.95,-94.3333333333333,21.0010714012405,NA,366.5,0.61,10,90.8,NA,61.1,NA,NA
"16773","Jawhar Jordan","RB","HOU",61.0820895522388,-94.4845771144279,52.9266338840164,NA,325,0.96,11,122.1,NA,27.6,NA,5.5
"13424","Taysom Hill","TE","NOS",72,-94.6786666666667,29.4156420973604,NA,NA,0.53,10,24,NA,92.8,NA,NA
"15797","Greg Dulcich","TE","MIA",71.3066666666667,-95.372,46.3578729379739,NA,242.88,0.94,10,115.3,1.95,71.68,58.8,114
"16604","MarShawn Lloyd","RB","GBP",60.105,-95.4616666666667,26.3260093190492,NA,300.31,0.82,11,22,69.02,NA,82.9,67.3
"16778","Ryan Flournoy","WR","DAL",74.82,-95.4633333333333,49.1888930552416,NA,211,0.93,10,NA,19.46,113.5,NA,91.6
"16212","Michael Mayer","TE","LVR",71.0153333333333,-95.6633333333333,12.0499012444086,NA,319.8,0.75,10,83.2,65.31,74.5,53.1,79.1
"16385","Emari Demercado","RB","KCC",59.104,-96.4626666666666,28.5578374531406,NA,285.83,0.67,12,100.2,27.12,65.4,68,40
"15777","Calvin Austin III","WR","NYG",72.4186666666667,-97.8646666666667,44.977895904544,NA,314.71,0.82,10,102.5,117.54,36.2,92.5,13.3
"15714","Zamir White","RB","FA",57.68,-97.8866666666667,NA,NA,NA,NA,12,NA,57.68,NA,NA,NA
"14867","Cole Kmet","TE","CHI",68.7373333333333,-97.9413333333333,17.0373167879609,NA,358.33,0.52,10,54.3,68.67,72.8,95.2,53.1
"15301","Tutu Atwell","WR","MIA",71.9275,-98.3558333333333,40.5948070365328,NA,325.2,0.8,10,NA,106.31,24,105.8,53.4
"17171","Chimere Dike","WR","TEN",71.6873333333333,-98.596,34.833990775295,NA,203.67,0.85,10,113.1,50.97,102.3,61.8,31.6
"15292","Dyami Brown","WR","WAS",70.8733333333333,-99.41,43.7986864338799,NA,NA,0.83,10,NA,95.88,20.3,NA,96
"17032","Jaxson Dart","QB","NYG",220.863866666667,-100.136266666667,161.279334590228,NA,70.88,0.94,7,318.18,50.206,329.86,32.2,306.14
"13156","JuJu Smith-Schuster","WR","KCC",69.7,-100.583333333333,NA,NA,NA,NA,10,NA,NA,69.7,NA,NA
"15337","Noah Gray","TE","KCC",65.9763333333333,-100.702333333333,26.52519146962,NA,328.5,0.83,10,33.2,77.49,57.53,104.3,57.3
"16171","Kendre Miller","RB","NOS",54.0625,-101.504166666667,37.2737033085436,NA,254.76,0.88,12,85.8,85.05,33.5,NA,12.9
"16166","Sean Tucker","RB","TBB",53.607013184871,-101.959653481796,22.3154238701435,NA,227.76,0.61,12,34.2,42.01,90,59.8,26.9
"16629","Roman Wilson","WR","PIT",68.075,-102.208333333333,21.8849548777236,NA,NA,0.38,10,NA,83.55,52.6,NA,NA
"14805","AJ Dillon","RB","CAR",53.0658333333333,-102.500833333333,42.7995223558498,NA,NA,0.86,12,87.6,30.13,4.2,94,NA
"16432","Emanuel Wilson","RB","SEA",53.0173333333333,-102.549333333333,28.4430415626271,NA,173.12,0.64,12,82.2,44.32,55.4,73.8,9.9
"15759","John Metchie","WR","CAR",67.2666666666667,-103.016666666667,76.2210845720089,NA,322.25,0.96,10,154.7,14.82,32.28,NA,NA
"17088","Theo Wease","WR","MIA",67.15,-103.133333333333,70.6399674405361,NA,NA,0.97,10,117.1,NA,17.2,NA,NA
"12677","Austin Hooper","TE","ATL",62.8773333333333,-103.801333333333,18.1574391549763,NA,NA,0.56,10,60.2,69.67,47.7,90.7,46.5
"15332","Tommy Tremble","TE","CAR",62.852,-103.826666666667,9.59669318046586,NA,NA,0.22,10,67.2,47.16,69.5,70.7,60.9
"17049","Brashard Smith","RB","KCC",51.49,-104.076666666667,16.969767234703,NA,261.54,0.67,12,63.4,30.55,43.8,73.5,46.2
"15981","KaVontae Turpin","WR","DAL",66.12,-104.163333333333,4.72114392917648,NA,354,0.49,10,NA,71.46,64.4,NA,63.6
"17506","Chris Bell","WR","MIA",65.85,-104.433333333333,75.16545084013,NA,227.54,0.97,10,NA,NA,12.7,NA,118.6
"17514","De'Zhaun Stribling","WR","SFO",65.2333333333333,-105.05,49.7209546703735,NA,262.73,0.91,10,114.1,NA,14.7,NA,67.3
"16201","Xavier Hutchinson","WR","HOU",65.1608333333333,-105.1225,25.6083823624653,NA,337.8,0.72,10,93.4,37.51,79.1,NA,50.7
"16195","Dontayvion Wicks","WR","PHI",64.97,-105.313333333333,25.6724067174596,NA,207.31,0.53,10,92.5,75.87,32.3,NA,59
"16387","Chris Brooks","RB","GBP",50.1953333333333,-105.371333333333,21.3038193758772,NA,277.15,0.34,12,86.4,31.81,37.9,48.4,47.8
"17482","Mike Washington Jr.","RB","LVR",49.35,-106.216666666667,14.7785317267988,NA,194.94,0.55,12,NA,NA,38.9,NA,61.2
"17059","Ollie Gordon","RB","MIA",49.2025,-106.364166666667,24.609605678813,NA,245,0.36,12,NA,84.11,37.3,49.2,29.6
"16178","Keaton Mitchell","RB","LAC",48.6113333333333,-106.955333333333,25.0408250662793,NA,153.53,0.38,12,76.7,63.09,49.2,44.7,10.7
"11367","Kyle Juszczyk","RB","SFO",48.1,-107.466666666667,11.1142551107425,NA,NA,0.17,12,62.8,36.3,NA,49.4,44.7
"12785","Demarcus Robinson","WR","SFO",62.7966666666667,-107.486666666667,27.1926099029375,NA,NA,0.51,10,93.8,42.99,51.6,NA,NA
"12447","Raheem Mostert","RB","LVR",47.365,-108.201666666667,35.7301056533562,NA,NA,0.82,12,NA,72.63,22.1,NA,NA
"17046","Devin Neal","RB","NOS",47.1183333333333,-108.448333333333,7.55354295090133,NA,229.18,0.64,12,38.5,51.64,55,43.4,NA
"14858","Van Jefferson","WR","WAS",61.76,-108.523333333333,23.9339674939196,NA,NA,0.42,10,NA,65.18,36.3,NA,83.9
"16175","Roschon Johnson","RB","CHI",45.63,-109.936666666667,32.4372887276357,NA,NA,0.73,12,34.4,82.19,20.3,NA,NA
"17060","DJ Giddens","RB","IND",45.4075,-110.159166666667,22.6428110372071,NA,282.15,0.77,12,NA,37.93,31,79.1,33.6
"17485","Kaelon Black","RB","SFO",45.1,-110.466666666667,29.7696153821308,NA,272.17,0.85,12,79.3,NA,25,NA,32
"16216","Darnell Washington","TE","PIT",55.608,-111.070666666667,22.0417233899711,NA,303.71,0.74,10,82.1,28.69,52.3,42.4,73.8
"17039","Tyler Shough","QB","NOS",209.625733333333,-111.3744,127.714851715844,NA,121.35,0.88,7,283.48,52.922,283.82,79.58,281.46
"17055","Jordan James","RB","SFO",44.1,-111.466666666667,24.3871892599373,NA,271.93,0.94,12,25.2,10.9,64.3,58.9,61.2
"17593","Marlin Klein","TE","HOU",54.95,-111.728666666667,33.3047293938864,NA,NA,0.88,10,77.9,NA,31.4,NA,NA
"17607","Eli Raridon","TE","NEP",54.7,-111.978666666667,NA,NA,362,0.96,11,54.7,NA,NA,NA,NA
"14592","Olamide Zaccheaus","WR","ATL",58.28,-112.003333333333,26.8851855117275,NA,332.67,0.73,11,NA,38.54,47.4,NA,88.1
"14209","Josh Oliver","TE","MIN",54.39,-112.288666666667,11.0213656141152,NA,NA,0.3,11,70.5,43.95,59.9,52.3,45.3
"16752","Isaiah Davis","RB","NYJ",42.754,-112.812666666667,11.5513670186693,NA,264,0.58,12,36.2,29.67,56.1,53.7,38.1
"15626","Brock Wright","TE","DET",52.855,-113.823666666667,18.5469161857167,NA,NA,0.57,11,80.6,41.72,44.2,44.9,NA
"14778","Tua Tagovailoa","QB","ATL",206.754533333333,-114.2456,82.0572598892586,148.98,295.94,0.76,8,179.12,249.346,110.86,289.72,127.06
"17517","Ja'Kobi Lane","WR","BAL",56.0333333333333,-114.25,27.7856677683538,NA,269.6,0.77,11,82.1,NA,26.8,NA,59.4
"15755","Jahan Dotson","WR","ATL",55.155,-115.128333333333,11.1061079291232,NA,290,0.29,11,NA,41.03,52.9,67.3,58.8
"15258","Michael Carter","RB","TEN",40.0666666666667,-115.5,32.3620662710732,NA,333.2,0.79,12,NA,4.7,68.2,47.3,NA
"16688","Isaac Guerendo","RB","SFO",39.6633333333333,-115.903333333333,9.74505173579562,NA,296.38,0.57,12,29.9,49.39,39.7,NA,NA
"16751","Bub Means","WR","NOS",54.015,-116.268333333333,67.861037790473,NA,NA,0.96,11,102,NA,6.03,NA,NA
"17056","Trevor Etienne","RB","CAR",38.9625,-116.604166666667,32.5456442298095,NA,314.82,0.72,12,NA,49.45,7.9,80.4,18.9
"17353","Jahdae Walker","WR","CHI",53.5333333333333,-116.75,43.5860451673851,NA,NA,0.82,11,102.6,NA,38.7,NA,18.6
"14870","Adam Trautman","TE","DEN",49.7266666666667,-116.952,14.0454310483279,NA,NA,0.41,11,64.9,37.18,NA,47.1,NA
"16595","Audric Estime","RB","NOS",38.575,-116.991666666667,32.7776727870258,NA,315.36,0.81,12,23.6,3.6,47.3,79.8,NA
"16633","Jordan Whittington","WR","LAR",53.23,-117.053333333333,31.0184735278833,NA,NA,0.59,11,NA,88.99,33.6,NA,37.2
"15795","Charlie Kolar","TE","LAC",49.575,-117.103666666667,46.9795256822941,NA,NA,0.98,11,118.4,13.3,37.7,28.9,NA
"17080","Jaylin Noel","WR","HOU",53.14,-117.143333333333,4.32351708681716,NA,184.8,0.34,11,NA,56.62,48.3,NA,54.5
"17547","Max Klare","TE","LAR",49.4,-117.278666666667,57.6999133448223,NA,337.8,0.93,11,90.2,NA,8.6,NA,NA
"17134","Kyle Williams","WR","NEP",52.6933333333333,-117.59,35.5535670971751,NA,252.4,0.68,11,NA,91.88,43.7,NA,22.9
"14239","Foster Moreau","TE","HOU",48.4475,-118.231166666667,13.7796114483198,NA,NA,0.39,11,36.2,49.89,38.1,66.8,NA
"17064","Jarquez Hunter","RB","LAR",37.26,-118.306666666667,19.8838426869657,NA,317.08,0.44,12,23.2,51.32,NA,NA,NA
"15330","Brevin Jordan","TE","HOU",47.8,-118.878666666667,NA,NA,NA,NA,11,NA,NA,NA,47.8,NA
"15344","John Bates","TE","WAS",47.6993333333333,-118.979333333333,36.2206080383346,NA,301.67,0.99,11,50.2,18.23,109,27.6,34.8
"16635","Luke McCaffrey","WR","WAS",51.3033333333333,-118.98,26.6218713341743,NA,320.14,0.52,11,81.8,32.71,39.4,NA,NA
"14108","Greg Dortch","WR","DET",50.99,-119.293333333333,30.3378690748048,NA,NA,0.58,11,NA,83.77,45.3,NA,24.3
"15723","Ty Chandler","RB","NOS",35.8258333333333,-119.740833333333,23.9719976106382,NA,NA,0.48,12,60,22.87,8.9,52.2,NA
"12155","Ameer Abdullah","RB","IND",35.8,-119.766666666667,NA,NA,NA,NA,13,NA,NA,35.8,NA,NA
"17087","Dont'e Thornton","WR","LVR",50.3533333333333,-119.93,16.5239987089486,NA,317.8,0.48,11,NA,69.36,39.4,NA,42
"16215","Luke Musgrave","TE","GBP",46.66,-120.018666666667,11.0726238986069,NA,356,0.31,11,62.3,46.4,40.1,51.3,33.2
"17520","Ted Hurst","WR","TBB",49.5666666666667,-120.716666666667,41.9147149976394,NA,273.1,0.83,11,97.5,NA,31.4,NA,20
"17511","Malachi Fields","WR","NYG",49.2,-121.083333333333,NA,NA,258.36,0.42,11,NA,NA,NA,NA,49.2
"15873","Daniel Bellinger","TE","TEN",45.3675,-121.311166666667,19.798507309054,NA,380,0.65,11,74.1,28.77,NA,40.1,38.5
"17605","Will Kacmarek","TE","MIA",45.2333333333333,-121.445333333333,17.8945056744615,NA,NA,0.55,11,64.4,NA,29.5,NA,43
"17086","Jalen Royals","WR","KCC",48.7383333333333,-121.545,21.3610547102275,NA,295.89,0.63,11,NA,36.79,73.4,NA,35.3
"13348","David Moore","WR","CAR",48.34,-121.943333333333,1.32936074863071,NA,NA,0.02,11,NA,49.28,47.4,NA,NA
"17058","Tahj Brooks","RB","CIN",33.5470720720721,-122.019594594595,28.96049312779,NA,311.75,0.79,13,NA,64.17,6.6,NA,17.4
"15720","Hassan Haskins","RB","LAC",33.14,-122.426666666667,NA,NA,NA,NA,13,NA,33.14,NA,NA,NA
"17061","LeQuint Allen","RB","JAC",32.875,-122.691666666667,16.8226781458839,NA,288,0.54,13,NA,16.9,21,41.1,52.5
"13143","Jeremy McNichols","RB","WAS",32.71,-122.856666666667,16.0602708569937,NA,NA,0.26,13,27.2,20.13,50.8,NA,NA
"17097","Tai Felton","WR","MIN",46.9583333333333,-123.325,28.0447599086413,NA,NA,0.53,11,NA,28.09,33.6,NA,79
"17591","Nate Boerkircher","TE","JAC",42.35,-124.328666666667,14.3542676580869,NA,NA,0.41,11,52.5,NA,32.2,NA,NA
"17544","Eli Stowers","TE","PHI",41.75,-124.928666666667,26.1565957265085,NA,266.76,0.72,11,69.6,NA,19.7,NA,35.9
"16644","Ben Sinnott","TE","WAS",41.7466666666667,-124.932,10.0694609808293,NA,320.6,0.75,11,35,44.12,32.9,55.1,NA
"17096","Savion Williams","WR","GBP",45.2933333333333,-124.99,25.0900006642753,NA,321.6,0.63,11,NA,23.88,39.1,NA,73.1
"16333","Elijah Higgins","TE","ARI",41.6613333333333,-125.017333333333,7.2291714601329,NA,366.5,0.18,11,47.1,29.04,44.3,43.8,46.2
"16601","Will Shipley","RB","PHI",30.1866666666667,-125.38,16.142197289506,NA,309.29,0.35,13,NA,48.66,18.8,NA,23.2
"15796","Jeremy Ruckert","TE","NYJ",40.7575,-125.921166666667,10.7659288962913,NA,NA,0.29,11,56.7,35.53,37.5,33.3,NA
"16113","Stone Smartt","TE","PHI",40.5433333333333,-126.135333333333,36.563761203319,NA,NA,0.92,11,NA,22.73,16.3,82.9,NA
"15752","Treylon Burks","WR","WAS",44,-126.283333333333,NA,NA,309.4,0.99,11,NA,NA,NA,NA,44
"15804","Grant Calcaterra","TE","PHI",40.37,-126.308666666667,14.5335336377634,NA,NA,0.42,12,54.9,31.28,24.9,50.4,NA
"16621","Devontez Walker","WR","BAL",43.9566666666667,-126.326666666667,27.8956424315101,NA,363,0.55,11,79.1,16.67,27.3,NA,52.6
"13066","Kalif Raymond","WR","CHI",43.7766666666667,-126.506666666667,12.8314314608049,NA,363.25,0.53,11,NA,38.53,34.4,NA,59
"16583","Michael Penix Jr.","QB","ATL",193.798933333333,-127.2012,94.9957330101375,148.76,248.88,0.82,9,56.96,249.588,219.68,249.96,119.54
"17477","Jonah Coleman","RB","DEN",27.5,-128.066666666667,22.7297162322806,NA,158.76,0.51,13,24.7,NA,51.5,NA,6.8
"17478","Kaytron Allen","RB","WAS",27.3,-128.266666666667,NA,NA,209.63,0.73,13,27.3,NA,NA,NA,NA
"14315","Ashton Dulin","WR","IND",41.2691666666667,-129.014166666667,38.9644969812264,NA,NA,0.74,11,94,4.41,21.3,NA,45.5
"16608","George Holani","RB","SEA",26.3966666666667,-129.17,12.9968470535485,NA,293.92,0.37,13,NA,18.59,19.2,NA,42.5
"13148","Dare Ogunbowale","RB","HOU",26.3,-129.266666666667,NA,NA,NA,NA,13,NA,NA,26.3,NA,NA
"15263","Elijah Mitchell","RB","FA",26.2,-129.366666666667,NA,NA,NA,NA,13,26.2,NA,NA,NA,NA
"17486","Jam Miller","RB","NEP",26.2,-129.366666666667,NA,NA,NA,0.91,13,26.2,NA,NA,NA,NA
"16642","Cade Stover","TE","HOU",37.1333333333333,-129.545333333333,5.13290041464538,NA,NA,0.07,12,32.2,40.2,32,43.9,36.1
"13652","Cedrick Wilson","WR","MIA",40.7,-129.583333333333,NA,NA,NA,NA,11,NA,NA,40.7,NA,NA
"15787","Tyquan Thornton","WR","KCC",40.6833333333333,-129.6,24.7290483709611,NA,294.82,0.43,11,NA,25.15,27.7,NA,69.2
"16221","Luke Schoonmaker","TE","DAL",36.924,-129.754666666667,4.03619622912465,NA,NA,0.05,12,32.6,35.32,37.6,43.4,35.7
"17063","Phil Mafah","RB","DAL",25.6833333333333,-129.883333333333,12.1212966853111,NA,359.5,0.73,13,33.8,11.75,31.5,NA,NA
"16645","Erick All","TE","CIN",36.1875,-130.491166666667,29.0267800200665,NA,NA,0.77,12,74.6,5.55,25.9,NA,38.1
"16219","Davis Allen","TE","LAR",35.5725,-131.106166666667,26.3907753770138,NA,NA,0.77,12,65.9,8.99,48.8,18.6,NA
"12923","C.J. Ham","RB","FA",24,-131.566666666667,NA,NA,NA,NA,13,24,NA,NA,NA,NA
"17062","Raheim Sanders","RB","CLE",23.975,-131.591666666667,17.9958675811976,NA,353.8,0.43,13,NA,11.25,36.7,NA,NA
"14146","Drew Sample","TE","CIN",35.0686666666667,-131.61,9.11557842377542,NA,NA,0.2,12,29,23.36,47,38.9,37.2
"13176","Zay Jones","WR","ARI",38,-132.283333333333,NA,NA,NA,NA,11,NA,NA,38,NA,NA
"17109","Mitchell Evans","TE","CAR",34.374,-132.304666666667,12.0798336081256,NA,NA,0.34,12,34,14.67,44.5,44,34.7
"17057","Donovan Edwards","RB","MIA",23,-132.566666666667,NA,NA,NA,NA,13,23,NA,NA,NA,NA
"14079","Miles Sanders","RB","DAL",22.9,-132.666666666667,NA,NA,NA,NA,13,NA,NA,22.9,NA,NA
"17509","Chris Brazzell II","WR","CAR",37.05,-133.233333333333,17.606958851545,NA,258.62,0.46,11,NA,NA,24.6,NA,48.5
"17474","Emmett Johnson","RB","KCC",22.2666666666667,-133.3,0.929157324317756,NA,201.12,0.7,13,22.9,NA,21.2,NA,22.7
"15941","Dareke Young","WR","LVR",36.94,-133.343333333333,NA,NA,NA,NA,11,NA,36.94,NA,NA,NA
"16474","Nate Adkins","TE","DEN",33.125,-133.553666666667,12.2328451310396,NA,NA,0.35,12,44.9,16.6,39.1,31.9,NA
"16218","Payne Durham","TE","TBB",33.02,-133.658666666667,3.64543550210397,NA,NA,0.03,12,NA,31.36,30.5,37.2,NA
"15965","Julius Chestnut","RB","TEN",21.835,-133.731666666667,23.8082853225511,NA,NA,0.47,13,NA,38.67,5,NA,NA
"16831","David Martin-Robinson","TE","TEN",32.86,-133.818666666667,33.4320086145,NA,NA,0.88,12,NA,9.22,56.5,NA,NA
"12325","Michael Burton","RB","CLE",21.65,-133.916666666667,4.03050865276332,NA,NA,0.07,13,24.5,NA,18.8,NA,NA
"14984","Charlie Woerner","TE","ATL",32.6833333333333,-133.995333333333,16.2006429913548,NA,NA,0.5,12,48.8,32.85,16.4,NA,NA
"17337","Zavier Scott","RB","MIN",21.3,-134.266666666667,11.9929145748646,NA,NA,0.19,13,NA,27.2,29.2,NA,8.6
"17519","Bryce Lance","WR","NOS",35.9,-134.383333333333,NA,NA,290.8,0.99,11,NA,NA,NA,NA,35.9
"16425","Julian Hill","TE","NEP",32.2913333333333,-134.387333333333,9.27824444601456,NA,NA,0.2,12,42.1,38.39,29.3,18.4,33.8
"15717","Dameon Pierce","RB","PHI",20.5666666666667,-135,18.0489150181758,NA,353,0.58,13,22.1,37.8,1.8,NA,NA
"17545","Jack Endries","TE","CIN",31.3,-135.378666666667,NA,NA,NA,NA,12,31.3,NA,NA,NA,NA
"15260","Jaret Patterson","RB","LAC",20.1,-135.466666666667,NA,NA,NA,NA,13,NA,NA,20.1,NA,NA
"17627","Matthew Hibner","TE","BAL",31.05,-135.628666666667,15.9099025766973,NA,NA,0.48,12,42.3,NA,19.8,NA,NA
"17076","Isaiah Bond","WR","CLE",34.45,-135.833333333333,16.6898921506402,NA,300,0.55,11,NA,48.25,39.2,NA,15.9
"15730","Tyler Goodson","RB","ATL",19.535,-136.031666666667,24.0911280350257,NA,NA,0.49,13,NA,36.57,2.5,NA,NA
"15734","Keaontay Ingram","RB","KCC",19.1,-136.466666666667,NA,NA,NA,NA,13,NA,NA,19.1,NA,NA
"15718","Tyler Badie","RB","DEN",18.95,-136.616666666667,24.1123412384613,NA,NA,0.57,13,NA,1.9,NA,NA,36
"17407","Hayden Rucci","TE","SFO",30,-136.678666666667,NA,NA,NA,NA,12,30,NA,NA,NA,NA
"15800","Connor Heyward","TE","LVR",29.87,-136.808666666667,5.4898724939656,NA,NA,0.08,12,35.8,26.01,NA,27,8.6
"16393","Jake Bobo","WR","SEA",32.83,-137.453333333333,17.0129891553483,NA,NA,0.24,11,NA,44.86,20.8,NA,NA
"17652","Adam Randall","RB","BAL",18,-137.566666666667,15.5393050037638,NA,273.23,0.78,13,29.4,NA,0.3,NA,24.3
"16599","Frank Gore Jr.","RB","BUF",17.95,-137.616666666667,24.2537625946986,NA,NA,0.49,13,35.1,NA,0.8,NA,NA
"14341","Donald Parham","TE","PIT",28.95,-137.728666666667,6.85893577750951,NA,NA,0.13,12,NA,NA,24.1,33.8,NA
"17184","Jaylin Lane","WR","WAS",32.4283333333333,-137.855,28.1213203518849,NA,347.6,0.53,11,NA,19.61,13,NA,63.8
"16170","Kenny McIntosh","RB","SEA",17.71,-137.856666666667,6.91550432000444,NA,NA,0.1,13,NA,12.82,22.6,NA,NA
"17567","Oscar Delp","TE","NOS",28.6,-138.078666666667,NA,NA,358.5,0.82,12,28.6,NA,NA,NA,NA
"16312","Josh Whyle","TE","GBP",28.5833333333333,-138.095333333333,26.470093187092,NA,NA,0.78,12,NA,3.05,26.8,55.9,NA
"17660","Bauer Sharp","TE","TBB",28.3,-138.378666666667,NA,NA,NA,NA,12,28.3,NA,NA,NA,NA
"17475","Seth McGowan","RB","IND",16.7333333333333,-138.833333333333,12.3029806686564,NA,320,0.4,13,30.7,NA,7.5,NA,12
"16765","Tanner McLachlan","TE","LAC",27.8,-138.878666666667,NA,NA,NA,NA,12,27.8,NA,NA,NA,NA
"17507","Zachariah Branch","WR","ATL",31.1,-139.183333333333,32.3854905783439,NA,255.47,0.65,11,NA,NA,8.2,NA,54
"17529","Brenen Thompson","WR","LAC",30.95,-139.333333333333,6.43467170879758,NA,309.2,0.16,11,NA,NA,35.5,NA,27.2
"15335","Luke Farrell","TE","SFO",27.3166666666667,-139.362,11.5494949384522,NA,NA,0.32,12,NA,14.35,36.5,31.9,NA
"17644","Tanner Koziol","TE","JAC",26.9,-139.778666666667,NA,NA,NA,NA,12,26.9,NA,NA,NA,NA
"14420","Alec Ingold","RB","LAC",15.73,-139.836666666667,2.05467759028029,NA,NA,0.04,13,NA,17.89,15.5,NA,14.2
"17648","Riley Nowakowski","TE","PIT",26.8,-139.878666666667,NA,NA,NA,NA,12,NA,NA,26.8,NA,NA
"17079","Tez Johnson","WR","TBB",30.3466666666667,-139.936666666667,20.433661770063,NA,303.82,0.41,12,NA,10.14,51,NA,29.9
"14223","Alexander Mattison","RB","MIA",15.4,-140.166666666667,NA,NA,NA,NA,13,NA,NA,15.4,NA,NA
"16391","Hunter Luepke","RB","DAL",15.095,-140.471666666667,8.35093108581312,NA,NA,0.12,13,NA,9.19,NA,NA,21
"16646","Jaheim Bell","TE","FA",26.2,-140.478666666667,NA,NA,NA,NA,12,26.2,NA,NA,NA,NA
"16483","Ben Sims","TE","MIA",26.1666666666667,-140.512,31.8762189309418,NA,NA,0.86,12,62.5,13.1,2.9,NA,NA
"13940","Johnny Mundt","TE","PHI",26.1066666666667,-140.572,18.7627858628012,NA,NA,0.58,12,NA,29.72,5.8,42.8,NA
"15970","Lucas Krull","TE","DEN",26.0766666666667,-140.602,5.57284786561892,NA,NA,0.09,12,NA,22.53,23.2,32.5,NA
"16839","Jack Westover","TE","NEP",25.765,-140.913666666667,30.4550890657046,NA,NA,0.83,12,NA,4.23,47.3,NA,NA
"15334","Hunter Long","TE","JAC",25.7633333333333,-140.915333333333,6.5480556910684,NA,NA,0.12,12,30.9,18.39,28,NA,NA
"14083","Travis Homer","RB","PIT",14.54,-141.026666666667,NA,NA,NA,NA,13,NA,14.54,NA,NA,NA
"14319","Andrew Beck","RB","NYJ",14.4,-141.166666666667,9.75807358037436,NA,NA,0.14,13,21.3,NA,NA,NA,6.7
"15419","Kylen Granson","TE","TEN",25.505,-141.173666666667,23.1860313551069,NA,NA,0.7,12,NA,9.11,NA,41.9,NA
"17268","Jake Briningstool","TE","KCC",25.4,-141.278666666667,NA,NA,NA,NA,12,NA,25.4,NA,NA,NA
"13246","Mo Alie-Cox","TE","IND",25.345,-141.333666666667,25.8164685811209,NA,NA,0.76,12,NA,7.09,NA,43.6,NA
"14817","Patrick Taylor","RB","SFO",14.125,-141.441666666667,18.2079996155536,NA,NA,0.33,13,NA,1.25,27,NA,NA
"17213","Jackson Hawes","TE","BUF",25.055,-141.623666666667,14.9838168257179,NA,NA,0.44,12,34.1,13.42,41.4,11.3,NA
"17681","Jaren Kanak","TE","TEN",25,-141.678666666667,NA,NA,NA,NA,12,25,NA,NA,NA,NA
"13678","Ian Thomas","TE","LVR",24.6833333333333,-141.995333333333,8.99615658675044,NA,NA,0.2,12,NA,14.85,26.7,32.5,NA
"16176","Deuce Vaughn","RB","DEN",13.55,-142.016666666667,12.2329473145273,NA,NA,0.19,13,22.2,4.9,NA,NA,NA
"15905","Teagan Quitoriano","TE","ARI",24.425,-142.253666666667,6.3286056916196,NA,NA,0.11,12,28.9,19.95,NA,NA,NA
"17481","Demond Claiborne","RB","MIN",13.25,-142.316666666667,14.2128463018496,NA,243.77,0.72,13,23.3,NA,3.2,NA,NA
"17050","Kalel Mullings","RB","TEN",13.21,-142.356666666667,17.1261262403382,NA,NA,0.3,13,NA,25.32,1.1,NA,NA
"13172","Noah Brown","WR","WAS",27.8,-142.483333333333,NA,NA,NA,NA,12,NA,NA,27.8,NA,NA
"14370","Tanner Hudson","TE","CIN",24.075,-142.603666666667,24.5012499681139,NA,NA,0.73,12,NA,6.75,NA,41.4,NA
"17359","Josh Williams","RB","TBB",12.94,-142.626666666667,14.7926738624226,NA,NA,0.24,13,NA,2.48,23.4,NA,NA
"16647","Brevyn Spann-Ford","TE","DAL",23.72,-142.958666666667,7.53506469779789,NA,NA,0.16,12,NA,18.86,32.4,19.9,NA
"17254","Konata Mumpfield","WR","LAR",27.2733333333333,-143.01,22.3937521048469,NA,285.38,0.46,12,NA,5.12,49.9,NA,26.7
"17651","Josh Cuevas","TE","BAL",23.6,-143.078666666667,NA,NA,NA,NA,12,23.6,NA,NA,NA,NA
"16168","Israel Abanikanda","RB","DAL",11.7,-143.866666666667,16.2634559672906,NA,NA,0.27,13,23.2,NA,0.2,NA,NA
"16557","Tucker Fisk","TE","LAC",22.5,-144.178666666667,NA,NA,NA,NA,12,NA,NA,22.5,NA,NA
"17462","Fernando Mendoza","QB","LVR",176.68,-144.320133333333,49.1559477581299,NA,233.65,0.69,9,172.04,NA,112.2,NA,191.3
"13418","Kendrick Bourne","WR","ARI",25.55,-144.733333333333,29.486352775479,NA,337.4,0.73,12,NA,4.7,NA,NA,45.9
"15840","Jelani Woods","TE","NYJ",21.8166666666667,-144.862,28.4892231086306,NA,NA,0.8,12,NA,11.15,0.2,54.1,NA
"17243","Thomas Fidone","TE","NYG",21.7666666666667,-144.912,7.00380848776816,NA,NA,0.51,12,26.3,13.7,25.3,NA,NA
"16979","Cam Grandy","TE","CIN",21.67,-145.008666666667,7.49864654454389,NA,NA,0.15,12,29,14.01,21.4,NA,NA
"16957","Terrell Jennings","RB","NEP",10.51,-145.056666666667,0.0141421356237306,NA,320.5,0.55,14,NA,10.52,10.5,NA,NA
"17175","Arian Smith","WR","NYJ",25.125,-145.158333333333,12.9046987566545,NA,NA,0.17,12,NA,34.25,16,NA,NA
"15288","Elijah Moore","WR","PHI",24.61,-145.673333333333,18.398918446474,NA,NA,0.28,12,NA,37.62,11.6,NA,NA
"14845","Gabriel Davis","WR","BUF",24.5,-145.783333333333,NA,NA,NA,NA,12,NA,NA,24.5,NA,NA
"13793","Marquez Valdes-Scantling","WR","DAL",24.4,-145.883333333333,NA,NA,NA,NA,12,NA,24.4,NA,NA,NA
"15925","John FitzPatrick","TE","GBP",20.5,-146.178666666667,NA,NA,NA,NA,13,NA,NA,20.5,NA,NA
"15650","Adam Prentice","RB","DEN",9.35,-146.216666666667,1.20208152801713,NA,NA,0.01,14,NA,NA,10.2,NA,8.5
"16220","Will Mallory","TE","IND",20.2675,-146.411166666667,10.4225504716136,NA,NA,0.28,13,29.7,9.57,13.1,28.7,NA
"16796","Devin Culp","TE","TBB",20.155,-146.523666666667,12.400111558638,NA,NA,0.36,13,34.8,19.12,4.6,22.1,NA
"13455","Patrick Ricard","RB","NYG",8.88934782608696,-146.67731884058,1.79667360936847,NA,NA,0.04,14,NA,10.88,8.4,NA,6.6
"15800","Connor Heyward","RB","LVR",8.6,-146.966666666667,NA,NA,NA,NA,14,35.8,26.01,NA,27,8.6
"15727","Bam Knight","RB","ARI",8.5,-147.066666666667,NA,NA,320.78,0.97,14,NA,8.5,NA,NA,NA
"16451","Tyrell Shavers","WR","BUF",23.2033333333333,-147.08,27.4812487586233,NA,NA,0.51,12,NA,4.11,54.7,NA,10.8
"16584","J.J. McCarthy","QB","MIN",173.7048,-147.295333333333,146.752296592592,142.43,311.25,0.93,9,24.34,277.844,196.04,286.5,9
"17234","Jimmy Horn","WR","CAR",22.955,-147.328333333333,1.90211724139181,NA,NA,0.02,12,NA,21.61,24.3,NA,NA
"15916","Drew Ogletree","TE","IND",19.245,-147.433666666667,3.88201622871415,NA,NA,0.04,13,NA,21.99,16.5,NA,NA
"16706","Tip Reiman","TE","ARI",18.6825,-147.996166666667,5.64587386209315,NA,NA,0.09,13,27.1,15.03,16.1,16.5,NA
"16746","Rasheen Ali","RB","BAL",7.48,-148.086666666667,0.735391052434009,NA,NA,0.01,14,NA,6.96,8,NA,NA
"15991","Tanner Conner","TE","NYG",18.57,-148.108666666667,9.45170355015433,NA,NA,0.22,13,27.4,19.71,8.6,NA,NA
"13676","Durham Smythe","TE","BAL",18.5533333333333,-148.125333333333,7.57565398717057,NA,NA,0.16,13,NA,12.36,16.3,27,NA
"16447","Travis Vokolek","TE","ARI",18.2,-148.478666666667,15.1320851173921,NA,NA,0.45,13,28.9,NA,7.5,NA,NA
"14110","David Sills","WR","TBB",21.8,-148.483333333333,NA,NA,NA,NA,12,NA,NA,21.8,NA,NA
"12680","Nick Vannett","TE","LAR",18.15,-148.528666666667,22.8395490323255,NA,NA,0.69,13,34.3,2,NA,NA,NA
"17333","Darius Cooper","WR","PHI",21.7,-148.583333333333,NA,NA,NA,NA,12,NA,NA,21.7,NA,NA
"17508","Skyler Bell","WR","BUF",21.45,-148.833333333333,14.2128463018496,NA,257.5,0.66,12,NA,NA,11.4,NA,31.6
"15285","Tylan Wallace","WR","CLE",21.12,-149.163333333333,NA,NA,NA,NA,12,NA,21.12,NA,NA,NA
"14118","Lil'Jordan Humphrey","WR","DEN",21,-149.283333333333,17.819090885901,NA,NA,0.26,12,NA,8.4,33.6,NA,NA
"16183","Jalin Hyatt","WR","NYG",20.975,-149.308333333333,17.5008928343671,NA,NA,0.25,12,NA,33.35,8.6,NA,NA
"15271","Khalil Herbert","RB","NYJ",6.2,-149.366666666667,NA,NA,NA,NA,14,NA,NA,6.2,NA,NA
"16173","Eric Gray","RB","NYG",6.145,-149.421666666667,3.1749094475276,NA,NA,0.05,14,NA,8.39,3.9,NA,NA
"16613","Dylan Laube","RB","LVR",6.045,-149.521666666667,1.33643181644257,NA,NA,0.02,14,NA,6.99,5.1,NA,NA
"14076","Trayveon Williams","RB","CLE",5.9,-149.666666666667,NA,NA,NA,NA,14,NA,NA,5.9,NA,NA
"16760","Casey Washington","WR","ATL",20.58,-149.703333333333,NA,NA,NA,NA,12,NA,20.58,NA,NA,NA
"15726","Ronnie Rivers","RB","LAR",5.75,-149.816666666667,5.1618795026618,NA,NA,0.08,14,NA,2.1,9.4,NA,NA
"15103","Reggie Gilliam","RB","NEP",5.6,-149.966666666667,3.81837661840736,NA,NA,0.06,14,NA,NA,2.9,NA,6.8
"17505","Elijah Sarratt","WR","BAL",20.2,-150.083333333333,26.0215295476649,NA,254,0.54,12,NA,NA,1.8,NA,38.6
"16634","Xavier Weaver","WR","ARI",20.185,-150.098333333333,15.5492781182922,NA,NA,0.21,12,NA,9.19,31.18,NA,NA
"15767","Velus Jones","RB","SEA",5.38,-150.186666666667,NA,NA,NA,NA,14,NA,5.38,NA,NA,NA
"17348","Nathan Carter","RB","ATL",5.365,-150.201666666667,6.03162084352125,NA,NA,0.1,14,NA,9.63,1.1,NA,NA
"15909","James Mitchell","TE","CAR",16.2266666666667,-150.452,10.6926205082446,NA,NA,0.29,13,NA,4.28,19.5,24.9,NA
"16864","Carlos Washington","RB","ATL",4.7,-150.866666666667,NA,NA,NA,NA,14,NA,4.7,NA,NA,NA
"15803","Cole Turner","TE","MIA",15.75,-150.928666666667,10.9601551083915,NA,NA,0.29,13,23.5,NA,8,NA,NA
"16335","Scott Matlock","RB","LAC",4.27,-151.296666666667,NA,NA,NA,NA,14,NA,4.27,NA,NA,NA
"16630","Isaiah Williams","WR","NYJ",18.8333333333333,-151.45,23.1431055248282,NA,NA,0.42,12,NA,2.4,45.3,NA,8.8
"15743","Sincere McCormick","RB","SFO",4.1,-151.466666666667,NA,NA,NA,NA,14,NA,4.1,NA,NA,NA
"17215","Robbie Ouzts","RB","SEA",4.08,-151.486666666667,NA,NA,NA,NA,14,NA,58.59,NA,NA,NA
"16940","Blake Whiteheart","TE","CLE",15.065,-151.613666666667,17.6281720549806,NA,NA,0.54,13,NA,27.53,2.6,NA,NA
"17259","Moliki Matavao","TE","NOS",14.925,-151.753666666667,5.83363094478902,NA,NA,0.1,13,NA,18.65,10.8,NA,NA
"15541","Jack Stoll","TE","CLE",14.8416666666667,-151.837,9.67038721504413,NA,NA,0.23,13,26.4,3,12.9,16.9,NA
"16428","Xavier Smith","WR","LAR",18.2133333333333,-152.07,14.2045673405892,NA,NA,0.19,12,NA,2.66,30.5,NA,21.2
"17054","Damien Martinez","RB","GBP",3.4,-152.166666666667,NA,NA,345.67,0.14,14,NA,3.4,NA,NA,NA
"17205","KeAndre Lambert-Smith","WR","LAC",17.9366666666667,-152.346666666667,9.13082873201186,NA,NA,0.11,12,NA,17.56,9,NA,27.1
"17267","Lan Larison","RB","NEP",3.2,-152.366666666667,NA,NA,NA,NA,14,NA,3.2,NA,NA,NA
"13168","Josh Reynolds","WR","NYJ",17.9,-152.383333333333,NA,NA,NA,NA,12,NA,NA,17.9,NA,NA
"17375","Zaire Mitchell-Paden","TE","NOS",14.25,-152.428666666667,19.1625937701554,NA,NA,0.6,13,27.8,NA,0.7,NA,NA
"16648","Jared Wiley","TE","KCC",14.2033333333333,-152.475333333333,11.8877682234023,NA,NA,0.33,13,26.6,13.11,2.9,NA,NA
"15733","Pierre Strong Jr.","RB","GBP",3,-152.566666666667,NA,NA,NA,NA,14,NA,3,NA,NA,NA
"13919","Anthony Firkser","TE","DET",13.85,-152.828666666667,9.40452018978108,NA,NA,0.21,13,NA,NA,7.2,20.5,NA
"16612","Carson Steele","RB","PHI",2.6,-152.966666666667,0.424264068711929,NA,NA,0.01,14,NA,2.9,2.3,NA,NA
"16416","Xavier Gipson","WR","NYG",17.3,-152.983333333333,NA,NA,NA,NA,12,NA,17.3,NA,NA,NA
"14815","DeeJay Dallas","RB","JAC",2.4,-153.166666666667,NA,NA,NA,NA,14,NA,2.4,NA,NA,NA
"16678","Sione Vaki","RB","DET",2.35,-153.216666666667,1.48492424049175,NA,NA,0.03,14,NA,1.3,3.4,NA,NA
"16858","Mason Tipton","WR","NOS",16.99,-153.293333333333,5.5295750288788,NA,NA,0.08,12,NA,13.08,20.9,NA,NA
"16748","Keilan Robinson","RB","FA",2.1,-153.466666666667,NA,NA,NA,NA,14,NA,2.1,NA,NA,NA
"13315","Eric Saubert","TE","SEA",12.99,-153.688666666667,3.80423448278363,NA,NA,0.03,13,NA,15.68,10.3,NA,NA
"16364","Jalen Brooks","WR","ARI",16.4,-153.883333333333,NA,NA,NA,NA,12,NA,NA,16.4,NA,NA
"15984","NA NA","WR",NA,16.23,-154.053333333333,NA,NA,NA,NA,12,NA,16.23,NA,NA,NA
"17272","Amar Johnson","RB","LAC",1.3,-154.266666666667,NA,NA,NA,NA,14,NA,NA,1.3,NA,NA
"16898","Colson Yankoff","TE","WAS",12.1,-154.578666666667,NA,NA,NA,NA,13,NA,NA,12.1,NA,NA
"12616","Jacoby Brissett","QB","ARI",166.1052,-154.894933333333,146.609503631927,NA,175.65,0.94,10,252.12,8.666,291.8,12.74,212
"12955","Chris Manhertz","TE","NYG",11.73,-154.948666666667,NA,NA,NA,NA,13,NA,11.73,NA,NA,NA
"14873","Albert Okwuegbunam","TE","LVR",11.7,-154.978666666667,NA,NA,NA,NA,13,NA,NA,11.7,NA,NA
"16403","Mitchell Tinsley","WR","CIN",15.2933333333333,-154.99,8.06697795542627,NA,NA,0.1,12,NA,5.98,19.8,NA,20.1
"17307","Ulysses Bentley","RB","IND",0.5,-155.066666666667,NA,NA,NA,NA,14,NA,NA,0.5,NA,NA
"16636","Malachi Corley","WR","CLE",15.2,-155.083333333333,12.8693434175952,NA,NA,0.17,12,NA,6.1,24.3,NA,NA
"16422","Nikko Remigio","WR","KCC",15.175,-155.108333333333,19.8343452122827,NA,NA,0.33,12,NA,1.15,29.2,NA,NA
"16850","Jacob Saylors","RB","DET",0.3,-155.266666666667,NA,NA,NA,NA,14,NA,NA,0.3,NA,NA
"14864","Tyler Johnson","WR","DAL",15,-155.283333333333,NA,NA,NA,NA,12,NA,15,NA,NA,NA
"14727","Craig Reynolds","RB","NEP",0.2,-155.366666666667,NA,NA,NA,NA,14,NA,NA,0.2,NA,NA
"16962","Brenden Bates","TE","CLE",11.3,-155.378666666667,NA,NA,NA,NA,13,NA,NA,11.3,NA,NA
"17284","Jalin Conyers","TE","MIA",11.1,-155.578666666667,NA,NA,NA,NA,13,NA,NA,11.1,NA,NA
"17077","Xavier Restrepo","WR","TEN",14.2,-156.083333333333,NA,NA,NA,NA,12,NA,14.2,NA,NA,NA
"14555","Gunner Olszewski","WR","NYG",14,-156.283333333333,NA,NA,NA,NA,12,NA,NA,14,NA,NA
"16197","Jonathan Mingo","WR","DAL",13.9,-156.383333333333,NA,NA,NA,NA,12,NA,NA,13.9,NA,NA
"15341","Quintin Morris","TE","JAC",10.2,-156.478666666667,11.5965512114594,NA,NA,0.33,13,NA,2,18.4,NA,NA
"16975","Bryce Oliver","WR","TEN",13.71,-156.573333333333,7.48118974495367,NA,NA,0.1,12,NA,8.42,19,NA,NA
"15785","Bo Melton","WR","GBP",13.605,-156.678333333333,6.22961074225348,NA,NA,0.08,12,NA,18.01,NA,NA,9.2
"17655","Seydou Traore","TE","MIA",9.6,-157.078666666667,NA,NA,NA,NA,13,NA,NA,9.6,NA,NA
"17231","Gavin Bartholomew","TE","MIN",9.475,-157.203666666667,7.88424061023001,NA,NA,0.17,13,NA,15.05,3.9,NA,NA
"15302","Dee Eskridge","WR","MIA",13,-157.283333333333,NA,NA,NA,NA,12,NA,NA,13,NA,NA
"17269","Efton Chism","WR","NEP",12.99,-157.293333333333,NA,NA,NA,NA,12,NA,12.99,NA,NA,NA
"14849","Isaiah Hodgins","WR","NYG",12.7,-157.583333333333,NA,NA,NA,NA,12,NA,NA,12.7,NA,NA
"15491","Ben Skowronek","WR","PIT",12.4466666666667,-157.836666666667,3.85681647649111,NA,NA,0.05,12,NA,10.19,16.9,NA,10.2
"15766","Skyy Moore","WR","GBP",12.105,-158.178333333333,3.25976226126998,NA,NA,0.04,12,NA,14.41,9.8,NA,NA
"13893","Trent Sherfield","WR","BUF",12.08,-158.203333333333,NA,NA,NA,NA,12,NA,12.08,NA,NA,NA
"17360","Myles Price","WR","MIN",11.45,-158.833333333333,4.03050865276332,NA,NA,0.05,12,NA,NA,8.6,NA,14.3
"16299","Derius Davis","WR","LAC",11.38,-158.903333333333,5.16123047344332,NA,NA,0.07,12,NA,10.07,17.07,NA,7.6
"16533","Shedrick Jackson","WR","LVR",11.2,-159.083333333333,NA,NA,NA,NA,12,NA,NA,11.2,NA,NA
"15589","Cody White","WR","SEA",11.08,-159.203333333333,4.78004184082106,NA,NA,0.06,12,NA,14.46,7.7,NA,NA
"16883","Kameron Johnson","WR","TBB",10.6,-159.683333333333,NA,NA,NA,NA,12,NA,NA,10.6,NA,NA
"17548","Justin Joly","TE","DEN",6.9,-159.778666666667,NA,NA,328.4,0.85,13,NA,NA,6.9,NA,NA
"13776","Justin Watson","WR","HOU",10.355,-159.928333333333,1.94454364826301,NA,NA,0.03,12,NA,8.98,11.73,NA,NA
"14875","Harrison Bryant","TE","SEA",6.725,-159.953666666667,8.02566196646731,NA,NA,0.17,13,NA,1.05,12.4,NA,NA
"17549","Sam Roush","TE","CHI",6.4,-160.278666666667,NA,NA,373,0.14,13,NA,NA,6.4,NA,NA
"15929","Ko Kieft","TE","TBB",6.1,-160.578666666667,NA,NA,NA,NA,13,NA,6.1,NA,NA,NA
"16949","Brycen Tremayne","WR","CAR",9.55,-160.733333333333,4.87903679018718,NA,NA,0.06,12,NA,6.1,13,NA,NA
"16631","Ja'Lynn Polk","WR","NOS",8.62,-161.663333333333,NA,NA,NA,NA,12,NA,NA,8.62,NA,NA
"16203","Charlie Jones","WR","CIN",8.58,-161.703333333333,NA,NA,NA,NA,12,NA,8.58,NA,NA,NA
"16199","Trey Palmer","WR","NOS",8.195,-162.088333333333,11.4480587874102,NA,NA,0.14,12,NA,16.29,0.1,NA,NA
"17349","Gage Larvadain","WR","CLE",7.85,-162.433333333333,1.20208152801713,NA,NA,0.01,12,NA,8.7,7,NA,NA
"16732","Anthony Gould","WR","IND",7.56833333333333,-162.715,6.12929509269486,NA,NA,0.08,12,NA,4.93,3.2,NA,14.2
"17566","Joe Royer","TE","CLE",3.9,-162.778666666667,NA,NA,NA,NA,14,NA,NA,3.9,NA,NA
"15535","Mason Kinsey","WR","TEN",7.4,-162.883333333333,NA,NA,NA,NA,12,NA,NA,7.4,NA,NA
"16005","Tim Jones","WR","JAC",7.2,-163.083333333333,NA,NA,NA,NA,12,NA,NA,7.2,NA,NA
"16429","Dylan Drummond","WR","ATL",6.8,-163.483333333333,NA,NA,NA,NA,12,NA,NA,6.8,NA,NA
"14060","Tyree Jackson","TE","WAS",2.9,-163.778666666667,NA,NA,NA,NA,14,NA,NA,2.9,NA,NA
"17100","Nick Nash","WR","WAS",6.5,-163.783333333333,NA,NA,NA,NA,12,NA,6.5,NA,NA,NA
"15244","Feleipe Franks","TE","CAR",2.385,-164.293666666667,2.9486352775479,NA,NA,0.02,14,NA,4.17,0.3,NA,NA
"16806","Joshua Cephus","WR","JAC",5.8,-164.483333333333,NA,NA,NA,NA,12,NA,NA,5.8,NA,NA
"17192","Jordan Watkins","WR","SFO",4.96,-165.323333333333,5.31744299452284,NA,NA,0.07,12,NA,8.72,1.2,NA,NA
"13634","Dante Pettis","WR","NOS",4.8,-165.483333333333,NA,NA,NA,NA,12,NA,4.8,NA,NA,NA
"16205","Tyler Scott","WR","LAR",4.7,-165.583333333333,NA,NA,NA,NA,12,NA,4.7,NA,NA,NA
"16919","E.J. Jenkins","TE","PHI",0.7,-165.978666666667,NA,NA,NA,NA,14,NA,NA,0.7,NA,NA
"14112","Parris Campbell","WR","DAL",4.1,-166.183333333333,NA,NA,NA,NA,12,NA,4.1,NA,NA,NA
"16217","Cameron Latu","TE","PHI",0.2,-166.478666666667,NA,NA,NA,NA,14,NA,NA,0.2,NA,NA
"17504","CJ Daniels","WR","LAR",3.7,-166.583333333333,NA,NA,357,0.78,12,NA,NA,3.7,NA,NA
"17542","Colbie Young","WR","CIN",3.6,-166.683333333333,NA,NA,NA,NA,12,NA,NA,3.6,NA,NA
"17303","Beaux Collins","WR","NYG",2.755,-167.528333333333,2.05768073325285,NA,NA,0.03,12,NA,4.21,1.3,NA,NA
"16958","Ryan Miller","WR","NYG",2.37,-167.913333333333,NA,NA,NA,NA,12,NA,2.37,NA,NA,NA
"17232","LaJohntay Wester","WR","BAL",2.2,-168.083333333333,NA,NA,NA,NA,12,NA,2.2,NA,NA,NA
"14847","Devin Duvernay","WR","ARI",1.65,-168.633333333333,1.76776695296637,NA,NA,0.02,12,NA,2.9,0.4,NA,NA
"15977","Deven Thompkins","WR","ATL",1.5,-168.783333333333,NA,NA,NA,NA,12,NA,NA,1.5,NA,NA
"16423","Jason Brownlee","WR","KCC",1.2,-169.083333333333,NA,NA,NA,NA,13,NA,1.2,NA,NA,NA
"16037","Andre Baccellia","WR","ARI",0.7,-169.583333333333,NA,NA,NA,NA,13,NA,NA,0.7,NA,NA
"16640","Jacob Cowing","WR","SFO",0.525,-169.758333333333,0.459619407771256,NA,NA,0.01,13,NA,0.85,0.2,NA,NA
"14503","Tom Kennedy","WR","DET",0.4,-169.883333333333,NA,NA,NA,NA,13,NA,NA,0.4,NA,NA
"13316","Trent Taylor","WR","SFO",0.2,-170.083333333333,NA,NA,NA,NA,13,NA,NA,0.2,NA,NA
"15772","Britain Covey","WR","PHI",0.2,-170.083333333333,NA,NA,NA,NA,13,NA,NA,0.2,NA,NA
"16625","Johnny Wilson","WR","PHI",0.2,-170.083333333333,NA,NA,NA,NA,13,NA,NA,0.2,NA,NA
"16834","Cole Burgess","WR","PIT",0.2,-170.083333333333,NA,NA,NA,NA,13,NA,NA,0.2,NA,NA
"15694","Malik Willis","QB","MIA",146.537,-174.463133333333,149.750823378927,NA,118.88,0.92,10,245.26,13.328,NA,23.84,257.12
"15238","Justin Fields","QB","KCC",143.875866666667,-177.124266666667,159.471668507398,66.83,335.33,0.95,11,10.02,288.346,62.18,301,11.1
"16152","Anthony Richardson","QB","IND",122.032,-198.968133333333,151.837760362829,NA,341.5,0.95,11,NA,55.096,9.2,272.1,NA
"17040","Brady Cook","QB","NYJ",117.12,-203.880133333333,150.21776459527,NA,NA,0.98,12,8.9,NA,200.94,NA,NA
"10700","Kirk Cousins","QB","LVR",97.6865333333333,-223.3136,95.4093332150127,NA,300.67,0.83,12,42.1,6.626,117.26,226.06,42.52
"13113","Deshaun Watson","QB","CLE",92.384,-228.616133333333,102.211957617492,NA,290.07,0.87,12,227.16,6.16,24.34,42.26,121.6
"17031","Shedeur Sanders","QB","CLE",91.9429333333333,-229.0572,95.5913849367888,NA,277.59,0.81,13,9.14,35.668,214.08,37.32,114.04
"16586","Spencer Rattler","QB","NOS",81.0323333333333,-239.9678,85.1884142592172,NA,NA,0.89,13,10.14,177.176,84.18,22.5,NA
"17034","Quinn Ewers","QB","MIA",72.7533333333333,-248.2468,110.927380449253,NA,NA,0.84,14,8.74,5.7,178.22,NA,NA
"9064","Joe Flacco","QB","CIN",58.0135,-262.986633333333,74.5337697669095,NA,331.5,0.86,14,8.56,143.194,NA,48.76,8.54
"16149","Will Levis","QB","TEN",41.84,-279.160133333333,38.4884034483115,NA,NA,0.66,15,11.02,NA,79.98,28.42,NA
"13595","Mason Rudolph","QB","PIT",39.8273333333333,-281.1728,33.7099191139146,NA,NA,0.62,15,85.74,18.03,27.14,43.12,9.04
"12141","Marcus Mariota","QB","WAS",33.3725,-287.627633333333,24.7256430654493,NA,349,0.78,15,12.78,12.93,58.56,42.22,NA
"12140","Jameis Winston","QB","NYG",32.2621666666667,-288.737966666667,23.8181344754137,NA,343.5,0.71,15,8.04,12.902,42.1,51.94,NA
"17035","Riley Leonard","QB","IND",29.92,-291.080133333333,27.435743110038,NA,NA,0.77,15,10.52,NA,43.52,NA,NA
"16159","Aidan O'Connell","QB","LVR",27.8,-293.200133333333,30.0864554243267,NA,NA,0.59,15,NA,9.64,9.22,56.54,NA
"17036","Will Howard","QB","PIT",27.43,-293.570133333333,33.0218866814118,NA,NA,0.6,15,44.78,4.08,NA,NA,NA
"17037","Dillon Gabriel","QB","CLE",27.1026666666667,-293.897466666667,23.5694705357022,NA,NA,0.5,15,NA,46.848,5.8,21.26,NA
"14358","Jake Browning","QB","TBB",26.957,-294.043133333333,22.6954828692114,NA,NA,0.48,15,10.68,9.468,45.52,23.36,NA
"15252","Davis Mills","QB","HOU",25.968,-295.032133333333,27.4060247390971,NA,NA,0.56,15,12.3,7.284,52.92,NA,NA
"17466","Carson Beck","QB","ARI",20.99,-300.010133333333,16.4755880016466,NA,324.4,0.97,15,9.34,NA,NA,NA,30.64
"16585","Joe Milton","QB","DAL",20.4296666666667,-300.570466666667,14.042184081466,NA,347.67,0.43,15,13.38,7.712,32,20.76,NA
"10948","Case Keenum","QB","CHI",19.74,-301.260133333333,NA,NA,NA,NA,15,NA,NA,NA,17.74,NA
"13119","Joshua Dobbs","QB","FA",19.2,-301.800133333333,10.8611601590254,NA,NA,0.25,15,11.52,NA,NA,22.88,NA
"17463","Ty Simpson","QB","LAR",19.15,-301.850133333333,12.3743686707646,NA,326.86,0.64,15,10.4,NA,22.9,NA,NA
"11760","Jimmy Garoppolo","QB","LAR",18.5686666666667,-302.431466666667,9.23254598327749,NA,NA,0.74,16,11.6,13.666,NA,27.04,NA
"15241","Mac Jones","QB","SFO",16.3270666666667,-304.673066666667,7.54429458597687,NA,322.91,0.53,16,10.7,9.842,25.84,17.24,8.08
"15697","Desmond Ridder","QB","GBP",16.1533333333333,-304.8468,7.21266478725674,NA,NA,0.19,16,12.14,NA,22.68,9.84,NA
"10413","Tyrod Taylor","QB","NYJ",15.85,-305.150133333333,2.70114790413261,NA,NA,0.01,16,NA,NA,15.56,12.14,NA
"15702","Tanner McKee","QB","PHI",15.6613333333333,-305.3388,10.4124620207391,NA,NA,0.23,16,10.76,7.804,26.62,NA,NA
"12610","Carson Wentz","QB","MIN",13.814,-307.186133333333,7.7583756031788,NA,NA,0.73,16,NA,7.128,17.9,NA,NA
"10313","Andy Dalton","QB","PHI",13.5693333333333,-307.4308,14.6169172004375,NA,NA,0.31,16,9.9,7.984,0.48,31.18,NA
"14057","Drew Lock","QB","SEA",13.5336666666667,-307.466466666667,8.92984511499375,NA,NA,0.21,16,10.42,6.168,6.66,22.62,NA
"17033","Jalen Milroe","QB","SEA",12.8248333333333,-308.1753,10.1213264446909,NA,NA,0.22,16,8.96,23.106,1.1,14.8,NA
"14067","Gardner Minshew","QB","ARI",12.3253333333333,-308.6748,10.2675613462984,NA,345,0.05,16,11.8,8.448,1.14,22.78,NA
"14789","Tyler Huntley","QB","BAL",12.1333333333333,-308.8668,10.5201013936812,NA,NA,0.24,16,12.08,NA,1.64,20.68,NA
"15248","Shane Buechele","QB","BUF",12.04,-308.960133333333,NA,NA,NA,NA,16,12.04,NA,NA,NA,NA
"15240","Trey Lance","QB","LAC",11.9353333333333,-309.0648,4.63704920540351,NA,NA,0.13,16,9.96,6.486,15.56,NA,NA
"13115","Mitchell Trubisky","QB","TEN",11.8235,-309.176633333333,3.8610873684322,NA,NA,0.12,16,9.3,7.514,16.02,12.86,NA
"13124","Cooper Rush","QB","FA",11.26,-309.740133333333,NA,NA,NA,NA,16,NA,NA,NA,9.26,NA
"15692","Kenny Pickett","QB","CAR",10.2911666666667,-310.708966666667,2.07254671573137,NA,NA,0.06,16,9.2,7.578,8.24,10.88,NA
"14063","Jarrett Stidham","QB","DEN",9.934,-311.066133333333,2.44093260865596,NA,NA,0.06,16,11.66,7.408,NA,NA,NA
"17702","Behren Morton","QB","NEP",9.88,-311.120133333333,NA,NA,NA,NA,16,9.88,NA,NA,NA,NA
"17283","Seth Henigan","QB","IND",9.78,-311.220133333333,NA,NA,NA,NA,16,9.78,NA,NA,NA,NA
"16868","Adrian Martinez","QB","SFO",9.38,-311.620133333333,NA,NA,NA,NA,16,9.38,NA,NA,NA,NA
"17465","Garrett Nussmeier","QB","KCC",9.24,-311.760133333333,NA,NA,NA,0.99,16,9.24,NA,NA,NA,NA
"17654","Cole Payton","QB","PHI",9.2,-311.800133333333,NA,NA,NA,NA,16,9.2,NA,NA,NA,NA
"17468","Drew Allar","QB","PIT",8.92,-312.080133333333,NA,NA,NA,NA,16,8.92,NA,NA,NA,NA
"17467","Cade Klubnik","QB","NYJ",8.5,-312.500133333333,NA,NA,NA,NA,16,8.5,NA,NA,NA,NA
"16384","Tyson Bagent","QB","CHI",8.48333333333333,-312.5168,2.90802911493907,NA,NA,0.07,16,11.56,7.31,5.38,NA,NA
"17282","Max Brosmer","QB","MIN",7.84,-313.160133333333,NA,NA,NA,NA,16,NA,NA,4.24,NA,NA
"11640","Teddy Bridgewater","QB","DET",7.308,-313.692133333333,5.27922267005286,NA,NA,0.15,16,11.94,7.224,1.36,NA,NA
"12621","Brandon Allen","QB","NYG",7.308,-313.692133333333,NA,NA,NA,NA,16,NA,6.108,NA,NA,NA
"16151","Hendon Hooker","QB","TEN",6.94,-314.060133333333,NA,NA,NA,NA,16,NA,5.94,NA,NA,NA
"13968","Nick Mullens","QB","JAC",6.778,-314.222133333333,2.96044793907949,NA,NA,0.08,16,8.44,7.334,3.16,NA,NA
"15239","Zach Wilson","QB","NOS",5.729,-315.271133333333,7.14036427642176,NA,NA,0.19,16,NA,9.778,0.68,NA,NA
"13879","Kyle Allen","QB","BUF",5.698,-315.302133333333,3.16669733318484,NA,NA,0.09,16,8.14,6.634,1.72,NA,NA
"15948","Chris Oladokun","QB","KCC",5.13,-315.870133333333,6.49124025129251,NA,NA,0.16,16,9.72,NA,0.54,NA,NA
"17227","Graham Mertz","QB","HOU",4.78,-316.220133333333,NA,NA,NA,NA,16,NA,4.78,NA,NA,NA
"15693","Sam Howell","QB","DAL",3.921,-317.079133333333,4.8097403256309,NA,NA,0.14,16,NA,6.522,0.32,NA,NA
"9207","Josh Johnson","QB","CIN",2.252,-318.748133333333,NA,NA,NA,NA,16,NA,1.852,NA,NA,NA
"16441","Tommy DeVito","QB","NEP",0.56,-320.440133333333,NA,NA,NA,NA,16,NA,NA,0.56,NA,NA
